date,year,month,day,month_name,quarter
2017-02-19,2017,2,19,February,1
2017-02-21,2017,2,21,February,1
2017-02-24,2017,2,24,February,1
2017-02-25,2017,2,25,February,1
2017-02-26,2017,2,26,February,1
2017-02-27,2017,2,27,February,1
2017-02-28,2017,2,28,February,1
2017-03-01,2017,3,1,March,1
2017-03-03,2017,3,3,March,1
2017-03-04,2017,3,4,March,1
2017-03-07,2017,3,7,March,1
2017-03-09,2017,3,9,March,1
2017-03-11,2017,3,11,March,1
2017-03-12,2017,3,12,March,1
2017-03-13,2017,3,13,March,1
2017-03-14,2017,3,14,March,1
2017-03-16,2017,3,16,March,1
2017-03-19,2017,3,19,March,1
2017-03-21,2017,3,21,March,1
2017-03-23,2017,3,23,March,1
2017-03-24,2017,3,24,March,1
2017-03-30,2017,3,30,March,1
2017-03-31,2017,3,31,March,1
2017-04-01,2017,4,1,April,2
2017-04-03,2017,4,3,April,2
2017-04-05,2017,4,5,April,2
2017-04-06,2017,4,6,April,2
2017-04-08,2017,4,8,April,2
2017-04-11,2017,4,11,April,2
2017-04-13,2017,4,13,April,2
2017-04-14,2017,4,14,April,2
2017-04-15,2017,4,15,April,2
2017-04-20,2017,4,20,April,2
2017-04-21,2017,4,21,April,2
2017-04-24,2017,4,24,April,2
2017-04-26,2017,4,26,April,2
2017-04-27,2017,4,27,April,2
2017-04-28,2017,4,28,April,2
2017-04-30,2017,4,30,April,2
2017-05-02,2017,5,2,May,2
2017-05-04,2017,5,4,May,2
2017-05-07,2017,5,7,May,2
2017-05-08,2017,5,8,May,2
2017-05-11,2017,5,11,May,2
2017-05-13,2017,5,13,May,2
2017-05-16,2017,5,16,May,2
2017-05-17,2017,5,17,May,2
2017-05-18,2017,5,18,May,2
2017-05-19,2017,5,19,May,2
2017-05-21,2017,5,21,May,2
2017-05-22,2017,5,22,May,2
2017-05-23,2017,5,23,May,2
2017-05-24,2017,5,24,May,2
2017-05-25,2017,5,25,May,2
2017-05-27,2017,5,27,May,2
2017-05-29,2017,5,29,May,2
2017-06-01,2017,6,1,June,2
2017-06-04,2017,6,4,June,2
2017-06-08,2017,6,8,June,2
2017-06-10,2017,6,10,June,2
2017-06-14,2017,6,14,June,2
2017-06-16,2017,6,16,June,2
2017-06-19,2017,6,19,June,2
2017-06-20,2017,6,20,June,2
2017-06-22,2017,6,22,June,2
2017-06-24,2017,6,24,June,2
2017-06-26,2017,6,26,June,2
2017-06-28,2017,6,28,June,2
2017-07-01,2017,7,1,July,3
2017-07-03,2017,7,3,July,3
2017-07-08,2017,7,8,July,3
2017-07-09,2017,7,9,July,3
2017-07-11,2017,7,11,July,3
2017-07-13,2017,7,13,July,3
2017-07-14,2017,7,14,July,3
2017-07-15,2017,7,15,July,3
2017-07-17,2017,7,17,July,3
2017-07-19,2017,7,19,July,3
2017-07-22,2017,7,22,July,3
2017-07-23,2017,7,23,July,3
2017-07-24,2017,7,24,July,3
2017-07-26,2017,7,26,July,3
2017-07-27,2017,7,27,July,3
2017-07-28,2017,7,28,July,3
2017-07-31,2017,7,31,July,3
2017-08-02,2017,8,2,August,3
2017-08-03,2017,8,3,August,3
2017-08-05,2017,8,5,August,3
2017-08-14,2017,8,14,August,3
2017-08-18,2017,8,18,August,3
2017-08-19,2017,8,19,August,3
2017-08-21,2017,8,21,August,3
2017-08-26,2017,8,26,August,3
2017-08-29,2017,8,29,August,3
2017-09-02,2017,9,2,September,3
2017-09-05,2017,9,5,September,3
2017-09-08,2017,9,8,September,3
2017-09-19,2017,9,19,September,3
2017-09-20,2017,9,20,September,3
2017-09-21,2017,9,21,September,3
2017-09-23,2017,9,23,September,3
2017-09-27,2017,9,27,September,3
2017-09-29,2017,9,29,September,3
2017-10-02,2017,10,2,October,4
2017-10-04,2017,10,4,October,4
2017-10-05,2017,10,5,October,4
2017-10-08,2017,10,8,October,4
2017-10-09,2017,10,9,October,4
2017-10-11,2017,10,11,October,4
2017-10-12,2017,10,12,October,4
2017-10-13,2017,10,13,October,4
2017-10-14,2017,10,14,October,4
2017-10-15,2017,10,15,October,4
2017-10-16,2017,10,16,October,4
2017-10-17,2017,10,17,October,4
2017-10-18,2017,10,18,October,4
2017-10-20,2017,10,20,October,4
2017-10-21,2017,10,21,October,4
2017-10-23,2017,10,23,October,4
2017-10-24,2017,10,24,October,4
2017-11-06,2017,11,6,November,4
2017-11-07,2017,11,7,November,4
2017-11-08,2017,11,8,November,4
2017-11-09,2017,11,9,November,4
2017-11-14,2017,11,14,November,4
2017-11-18,2017,11,18,November,4
2017-11-20,2017,11,20,November,4
2017-11-22,2017,11,22,November,4
2017-11-24,2017,11,24,November,4
2017-11-25,2017,11,25,November,4
2017-11-27,2017,11,27,November,4
2017-11-28,2017,11,28,November,4
2017-11-29,2017,11,29,November,4
2017-12-01,2017,12,1,December,4
2017-12-02,2017,12,2,December,4
2017-12-03,2017,12,3,December,4
2017-12-06,2017,12,6,December,4
2017-12-07,2017,12,7,December,4
2017-12-09,2017,12,9,December,4
2017-12-10,2017,12,10,December,4
2017-12-11,2017,12,11,December,4
2017-12-13,2017,12,13,December,4
2017-12-14,2017,12,14,December,4
2017-12-15,2017,12,15,December,4
2017-12-17,2017,12,17,December,4
2017-12-18,2017,12,18,December,4
2017-12-19,2017,12,19,December,4
2017-12-20,2017,12,20,December,4
2017-12-22,2017,12,22,December,4
2017-12-24,2017,12,24,December,4
2017-12-25,2017,12,25,December,4
2017-12-26,2017,12,26,December,4
2017-12-28,2017,12,28,December,4
2017-12-29,2017,12,29,December,4
2017-12-30,2017,12,30,December,4
2018-01-02,2018,1,2,January,1
2018-01-05,2018,1,5,January,1
2018-01-09,2018,1,9,January,1
2018-01-11,2018,1,11,January,1
2018-01-12,2018,1,12,January,1
2018-01-14,2018,1,14,January,1
2018-01-15,2018,1,15,January,1
2018-01-18,2018,1,18,January,1
2018-01-20,2018,1,20,January,1
2018-01-22,2018,1,22,January,1
2018-01-23,2018,1,23,January,1
2018-01-26,2018,1,26,January,1
2018-01-27,2018,1,27,January,1
2018-01-30,2018,1,30,January,1
2018-02-02,2018,2,2,February,1
2018-02-03,2018,2,3,February,1
2018-02-04,2018,2,4,February,1
2018-02-05,2018,2,5,February,1
2018-02-06,2018,2,6,February,1
2018-02-12,2018,2,12,February,1
2018-02-13,2018,2,13,February,1
2018-02-14,2018,2,14,February,1
2018-02-15,2018,2,15,February,1
2018-02-20,2018,2,20,February,1
2018-02-21,2018,2,21,February,1
2018-02-22,2018,2,22,February,1
2018-02-24,2018,2,24,February,1
2018-02-25,2018,2,25,February,1
2018-02-26,2018,2,26,February,1
2018-03-02,2018,3,2,March,1
2018-03-10,2018,3,10,March,1
2018-03-11,2018,3,11,March,1
2018-03-14,2018,3,14,March,1
2018-03-15,2018,3,15,March,1
2018-03-17,2018,3,17,March,1
2018-03-20,2018,3,20,March,1
2018-03-21,2018,3,21,March,1
2018-03-22,2018,3,22,March,1
2018-03-23,2018,3,23,March,1
2018-03-24,2018,3,24,March,1
2018-03-25,2018,3,25,March,1
2018-03-29,2018,3,29,March,1
2018-04-01,2018,4,1,April,2
2018-04-02,2018,4,2,April,2
2018-04-04,2018,4,4,April,2
2018-04-05,2018,4,5,April,2
2018-04-08,2018,4,8,April,2
2018-04-09,2018,4,9,April,2
2018-04-11,2018,4,11,April,2
2018-04-13,2018,4,13,April,2
2018-04-14,2018,4,14,April,2
2018-04-16,2018,4,16,April,2
2018-04-17,2018,4,17,April,2
2018-04-18,2018,4,18,April,2
2018-04-20,2018,4,20,April,2
2018-04-21,2018,4,21,April,2
2018-04-22,2018,4,22,April,2
2018-04-23,2018,4,23,April,2
2018-04-24,2018,4,24,April,2
2018-04-26,2018,4,26,April,2
2018-04-28,2018,4,28,April,2
2018-05-01,2018,5,1,May,2
2018-05-05,2018,5,5,May,2
2018-05-08,2018,5,8,May,2
2018-05-11,2018,5,11,May,2
2018-05-12,2018,5,12,May,2
2018-05-13,2018,5,13,May,2
2018-05-14,2018,5,14,May,2
2018-05-15,2018,5,15,May,2
2018-05-16,2018,5,16,May,2
2018-05-19,2018,5,19,May,2
2018-05-20,2018,5,20,May,2
2018-05-22,2018,5,22,May,2
2018-05-26,2018,5,26,May,2
2018-05-27,2018,5,27,May,2
2018-05-28,2018,5,28,May,2
2018-05-29,2018,5,29,May,2
2018-05-30,2018,5,30,May,2
2018-06-01,2018,6,1,June,2
2018-06-07,2018,6,7,June,2
2018-06-08,2018,6,8,June,2
2018-06-14,2018,6,14,June,2
2018-06-15,2018,6,15,June,2
2018-06-18,2018,6,18,June,2
2018-06-22,2018,6,22,June,2
2018-06-27,2018,6,27,June,2
2018-06-28,2018,6,28,June,2
2018-06-29,2018,6,29,June,2
2018-06-30,2018,6,30,June,2
2018-07-01,2018,7,1,July,3
2018-07-02,2018,7,2,July,3
2018-07-03,2018,7,3,July,3
2018-07-04,2018,7,4,July,3
2018-07-10,2018,7,10,July,3
2018-07-12,2018,7,12,July,3
2018-07-13,2018,7,13,July,3
2018-07-14,2018,7,14,July,3
2018-07-15,2018,7,15,July,3
2018-07-17,2018,7,17,July,3
2018-07-20,2018,7,20,July,3
2018-07-21,2018,7,21,July,3
2018-07-22,2018,7,22,July,3
2018-07-25,2018,7,25,July,3
2018-07-26,2018,7,26,July,3
2018-07-27,2018,7,27,July,3
2018-07-29,2018,7,29,July,3
2018-07-30,2018,7,30,July,3
2018-07-31,2018,7,31,July,3
2018-08-02,2018,8,2,August,3
2018-08-05,2018,8,5,August,3
2018-08-08,2018,8,8,August,3
2018-08-09,2018,8,9,August,3
2018-08-11,2018,8,11,August,3
2018-08-12,2018,8,12,August,3
2018-08-14,2018,8,14,August,3
2018-08-15,2018,8,15,August,3
2018-08-21,2018,8,21,August,3
2018-08-22,2018,8,22,August,3
2018-08-24,2018,8,24,August,3
2018-08-28,2018,8,28,August,3
2018-08-29,2018,8,29,August,3
2018-08-30,2018,8,30,August,3
2018-08-31,2018,8,31,August,3
2018-09-02,2018,9,2,September,3
2018-09-03,2018,9,3,September,3
2018-09-05,2018,9,5,September,3
2018-09-07,2018,9,7,September,3
2018-09-08,2018,9,8,September,3
2018-09-11,2018,9,11,September,3
2018-09-12,2018,9,12,September,3
2018-09-14,2018,9,14,September,3
2018-09-15,2018,9,15,September,3
2018-09-17,2018,9,17,September,3
2018-09-18,2018,9,18,September,3
2018-09-21,2018,9,21,September,3
2018-09-22,2018,9,22,September,3
2018-09-25,2018,9,25,September,3
2018-09-26,2018,9,26,September,3
2018-09-27,2018,9,27,September,3
2018-09-29,2018,9,29,September,3
2018-10-01,2018,10,1,October,4
2018-10-02,2018,10,2,October,4
2018-10-03,2018,10,3,October,4
2018-10-08,2018,10,8,October,4
2018-10-09,2018,10,9,October,4
2018-10-10,2018,10,10,October,4
2018-10-12,2018,10,12,October,4
2018-10-13,2018,10,13,October,4
2018-10-16,2018,10,16,October,4
2018-10-17,2018,10,17,October,4
2018-10-18,2018,10,18,October,4
2018-10-20,2018,10,20,October,4
2018-10-23,2018,10,23,October,4
2018-10-24,2018,10,24,October,4
2018-10-25,2018,10,25,October,4
2018-10-26,2018,10,26,October,4
2018-10-28,2018,10,28,October,4
2018-10-30,2018,10,30,October,4
2018-11-02,2018,11,2,November,4
2018-11-05,2018,11,5,November,4
2018-11-07,2018,11,7,November,4
2018-11-08,2018,11,8,November,4
2018-11-09,2018,11,9,November,4
2018-11-10,2018,11,10,November,4
2018-11-12,2018,11,12,November,4
2018-11-14,2018,11,14,November,4
2018-11-16,2018,11,16,November,4
2018-11-18,2018,11,18,November,4
2018-11-19,2018,11,19,November,4
2018-11-20,2018,11,20,November,4
2018-11-21,2018,11,21,November,4
2018-11-23,2018,11,23,November,4
2018-11-28,2018,11,28,November,4
2018-11-29,2018,11,29,November,4
2018-11-30,2018,11,30,November,4
2018-12-02,2018,12,2,December,4
2018-12-04,2018,12,4,December,4
2018-12-05,2018,12,5,December,4
2018-12-12,2018,12,12,December,4
2018-12-13,2018,12,13,December,4
2018-12-14,2018,12,14,December,4
2018-12-16,2018,12,16,December,4
2018-12-19,2018,12,19,December,4
2018-12-20,2018,12,20,December,4
2018-12-22,2018,12,22,December,4
2018-12-23,2018,12,23,December,4
2018-12-24,2018,12,24,December,4
2018-12-26,2018,12,26,December,4
2018-12-27,2018,12,27,December,4
2018-12-29,2018,12,29,December,4
2019-01-02,2019,1,2,January,1
2019-01-05,2019,1,5,January,1
2019-01-07,2019,1,7,January,1
2019-01-09,2019,1,9,January,1
2019-01-11,2019,1,11,January,1
2019-01-12,2019,1,12,January,1
2019-01-13,2019,1,13,January,1
2019-01-14,2019,1,14,January,1
2019-01-15,2019,1,15,January,1
2019-01-17,2019,1,17,January,1
2019-01-20,2019,1,20,January,1
2019-01-21,2019,1,21,January,1
2019-01-26,2019,1,26,January,1
2019-01-28,2019,1,28,January,1
2019-01-30,2019,1,30,January,1
2019-01-31,2019,1,31,January,1
2019-02-01,2019,2,1,February,1
2019-02-04,2019,2,4,February,1
2019-02-07,2019,2,7,February,1
2019-02-08,2019,2,8,February,1
2019-02-10,2019,2,10,February,1
2019-02-12,2019,2,12,February,1
2019-02-13,2019,2,13,February,1
2019-02-14,2019,2,14,February,1
2019-02-16,2019,2,16,February,1
2019-02-18,2019,2,18,February,1
2019-02-20,2019,2,20,February,1
2019-02-21,2019,2,21,February,1
2019-02-23,2019,2,23,February,1
2019-02-24,2019,2,24,February,1
2019-02-25,2019,2,25,February,1
2019-02-26,2019,2,26,February,1
2019-02-28,2019,2,28,February,1
2019-03-04,2019,3,4,March,1
2019-03-05,2019,3,5,March,1
2019-03-08,2019,3,8,March,1
2019-03-09,2019,3,9,March,1
2019-03-12,2019,3,12,March,1
2019-03-13,2019,3,13,March,1
2019-03-14,2019,3,14,March,1
2019-03-15,2019,3,15,March,1
2019-03-23,2019,3,23,March,1
2019-03-25,2019,3,25,March,1
2019-03-27,2019,3,27,March,1
2019-03-29,2019,3,29,March,1
2019-03-30,2019,3,30,March,1
2019-04-01,2019,4,1,April,2
2019-04-02,2019,4,2,April,2
2019-04-03,2019,4,3,April,2
2019-04-05,2019,4,5,April,2
2019-04-06,2019,4,6,April,2
2019-04-07,2019,4,7,April,2
2019-04-08,2019,4,8,April,2
2019-04-12,2019,4,12,April,2
2019-04-17,2019,4,17,April,2
2019-04-18,2019,4,18,April,2
2019-04-19,2019,4,19,April,2
2019-04-20,2019,4,20,April,2
2019-04-21,2019,4,21,April,2
2019-04-22,2019,4,22,April,2
2019-04-29,2019,4,29,April,2
2019-05-03,2019,5,3,May,2
2019-05-05,2019,5,5,May,2
2019-05-06,2019,5,6,May,2
2019-05-08,2019,5,8,May,2
2019-05-09,2019,5,9,May,2
2019-05-11,2019,5,11,May,2
2019-05-15,2019,5,15,May,2
2019-05-16,2019,5,16,May,2
2019-05-21,2019,5,21,May,2
2019-05-22,2019,5,22,May,2
2019-05-23,2019,5,23,May,2
2019-05-24,2019,5,24,May,2
2019-05-31,2019,5,31,May,2
2019-06-02,2019,6,2,June,2
2019-06-03,2019,6,3,June,2
2019-06-05,2019,6,5,June,2
2019-06-06,2019,6,6,June,2
2019-06-07,2019,6,7,June,2
2019-06-08,2019,6,8,June,2
2019-06-11,2019,6,11,June,2
2019-06-12,2019,6,12,June,2
2019-06-15,2019,6,15,June,2
2019-06-16,2019,6,16,June,2
2019-06-19,2019,6,19,June,2
2019-06-20,2019,6,20,June,2
2019-06-21,2019,6,21,June,2
2019-06-24,2019,6,24,June,2
2019-06-25,2019,6,25,June,2
2019-06-26,2019,6,26,June,2
2019-06-27,2019,6,27,June,2
2019-06-29,2019,6,29,June,2
2019-07-01,2019,7,1,July,3
2019-07-04,2019,7,4,July,3
2019-07-06,2019,7,6,July,3
2019-07-14,2019,7,14,July,3
2019-07-15,2019,7,15,July,3
2019-07-19,2019,7,19,July,3
2019-07-20,2019,7,20,July,3
2019-07-23,2019,7,23,July,3
2019-07-24,2019,7,24,July,3
2019-07-25,2019,7,25,July,3
2019-07-30,2019,7,30,July,3
2019-08-01,2019,8,1,August,3
2019-08-02,2019,8,2,August,3
2019-08-03,2019,8,3,August,3
2019-08-04,2019,8,4,August,3
2019-08-06,2019,8,6,August,3
2019-08-07,2019,8,7,August,3
2019-08-10,2019,8,10,August,3
2019-08-11,2019,8,11,August,3
2019-08-12,2019,8,12,August,3
2019-08-13,2019,8,13,August,3
2019-08-16,2019,8,16,August,3
2019-08-17,2019,8,17,August,3
2019-08-19,2019,8,19,August,3
2019-08-21,2019,8,21,August,3
2019-08-23,2019,8,23,August,3
2019-08-24,2019,8,24,August,3
2019-08-26,2019,8,26,August,3
2019-08-31,2019,8,31,August,3
2019-09-01,2019,9,1,September,3
2019-09-04,2019,9,4,September,3
2019-09-05,2019,9,5,September,3
2019-09-07,2019,9,7,September,3
2019-09-12,2019,9,12,September,3
2019-09-13,2019,9,13,September,3
2019-09-14,2019,9,14,September,3
2019-09-15,2019,9,15,September,3
2019-09-16,2019,9,16,September,3
2019-09-18,2019,9,18,September,3
2019-09-28,2019,9,28,September,3
2019-09-30,2019,9,30,September,3
2019-10-06,2019,10,6,October,4
2019-10-08,2019,10,8,October,4
2019-10-10,2019,10,10,October,4
2019-10-13,2019,10,13,October,4
2019-10-14,2019,10,14,October,4
2019-10-15,2019,10,15,October,4
2019-10-16,2019,10,16,October,4
2019-10-18,2019,10,18,October,4
2019-10-19,2019,10,19,October,4
2019-10-20,2019,10,20,October,4
2019-10-21,2019,10,21,October,4
2019-10-24,2019,10,24,October,4
2019-10-26,2019,10,26,October,4
2019-10-29,2019,10,29,October,4
2019-10-30,2019,10,30,October,4
2019-11-01,2019,11,1,November,4
2019-11-02,2019,11,2,November,4
2019-11-05,2019,11,5,November,4
2019-11-07,2019,11,7,November,4
2019-11-10,2019,11,10,November,4
2019-11-11,2019,11,11,November,4
2019-11-12,2019,11,12,November,4
2019-11-14,2019,11,14,November,4
2019-11-16,2019,11,16,November,4
2019-11-17,2019,11,17,November,4
2019-11-18,2019,11,18,November,4
2019-11-20,2019,11,20,November,4
2019-11-21,2019,11,21,November,4
2019-11-22,2019,11,22,November,4
2019-11-24,2019,11,24,November,4
2019-11-25,2019,11,25,November,4
2019-11-26,2019,11,26,November,4
2019-11-27,2019,11,27,November,4
2019-11-29,2019,11,29,November,4
2019-11-30,2019,11,30,November,4
2019-12-01,2019,12,1,December,4
2019-12-04,2019,12,4,December,4
2019-12-05,2019,12,5,December,4
2019-12-06,2019,12,6,December,4
2019-12-08,2019,12,8,December,4
2019-12-09,2019,12,9,December,4
2019-12-10,2019,12,10,December,4
2019-12-13,2019,12,13,December,4
2019-12-15,2019,12,15,December,4
2019-12-17,2019,12,17,December,4
2019-12-18,2019,12,18,December,4
2019-12-19,2019,12,19,December,4
2019-12-21,2019,12,21,December,4
2019-12-24,2019,12,24,December,4
2019-12-25,2019,12,25,December,4
2019-12-26,2019,12,26,December,4
2019-12-27,2019,12,27,December,4
2019-12-28,2019,12,28,December,4
2019-12-29,2019,12,29,December,4
2019-12-31,2019,12,31,December,4
2020-01-01,2020,1,1,January,1
2020-01-02,2020,1,2,January,1
2020-01-07,2020,1,7,January,1
2020-01-08,2020,1,8,January,1
2020-01-09,2020,1,9,January,1
2020-01-10,2020,1,10,January,1
2020-01-14,2020,1,14,January,1
2020-01-15,2020,1,15,January,1
2020-01-19,2020,1,19,January,1
2020-01-20,2020,1,20,January,1
2020-01-21,2020,1,21,January,1
2020-01-24,2020,1,24,January,1
2020-01-25,2020,1,25,January,1
2020-01-29,2020,1,29,January,1
2020-02-07,2020,2,7,February,1
2020-02-11,2020,2,11,February,1
2020-02-14,2020,2,14,February,1
2020-02-15,2020,2,15,February,1
2020-02-16,2020,2,16,February,1
2020-02-22,2020,2,22,February,1
2020-02-24,2020,2,24,February,1
2020-02-25,2020,2,25,February,1
2020-02-26,2020,2,26,February,1
2020-02-29,2020,2,29,February,1
2020-03-03,2020,3,3,March,1
2020-03-06,2020,3,6,March,1
2020-03-07,2020,3,7,March,1
2020-03-09,2020,3,9,March,1
2020-03-12,2020,3,12,March,1
2020-03-16,2020,3,16,March,1
2020-03-27,2020,3,27,March,1
2020-03-28,2020,3,28,March,1
2020-03-29,2020,3,29,March,1
2020-03-30,2020,3,30,March,1
2020-03-31,2020,3,31,March,1
2020-04-02,2020,4,2,April,2
2020-04-09,2020,4,9,April,2
2020-04-15,2020,4,15,April,2
2020-04-16,2020,4,16,April,2
2020-04-17,2020,4,17,April,2
2020-04-20,2020,4,20,April,2
2020-04-21,2020,4,21,April,2
2020-04-22,2020,4,22,April,2
2020-04-23,2020,4,23,April,2
2020-04-24,2020,4,24,April,2
2020-04-26,2020,4,26,April,2
2020-04-27,2020,4,27,April,2
2020-04-28,2020,4,28,April,2
2020-04-30,2020,4,30,April,2
2020-05-03,2020,5,3,May,2
2020-05-04,2020,5,4,May,2
2020-05-05,2020,5,5,May,2
2020-05-08,2020,5,8,May,2
2020-05-09,2020,5,9,May,2
2020-05-10,2020,5,10,May,2
2020-05-11,2020,5,11,May,2
2020-05-12,2020,5,12,May,2
2020-05-13,2020,5,13,May,2
2020-05-15,2020,5,15,May,2
2020-05-16,2020,5,16,May,2
2020-05-19,2020,5,19,May,2
2020-05-20,2020,5,20,May,2
2020-05-21,2020,5,21,May,2
2020-05-22,2020,5,22,May,2
2020-05-24,2020,5,24,May,2
2020-05-25,2020,5,25,May,2
2020-05-27,2020,5,27,May,2
2020-05-31,2020,5,31,May,2
2020-06-01,2020,6,1,June,2
2020-06-02,2020,6,2,June,2
2020-06-03,2020,6,3,June,2
2020-06-06,2020,6,6,June,2
2020-06-08,2020,6,8,June,2
2020-06-09,2020,6,9,June,2
2020-06-10,2020,6,10,June,2
2020-06-12,2020,6,12,June,2
2020-06-14,2020,6,14,June,2
2020-06-15,2020,6,15,June,2
2020-06-16,2020,6,16,June,2
2020-06-18,2020,6,18,June,2
2020-06-19,2020,6,19,June,2
2020-06-20,2020,6,20,June,2
2020-06-25,2020,6,25,June,2
2020-06-28,2020,6,28,June,2
2020-06-29,2020,6,29,June,2
2020-06-30,2020,6,30,June,2
2020-07-01,2020,7,1,July,3
2020-07-02,2020,7,2,July,3
2020-07-03,2020,7,3,July,3
2020-07-04,2020,7,4,July,3
2020-07-10,2020,7,10,July,3
2020-07-11,2020,7,11,July,3
2020-07-12,2020,7,12,July,3
2020-07-14,2020,7,14,July,3
2020-07-15,2020,7,15,July,3
2020-07-17,2020,7,17,July,3
2020-07-20,2020,7,20,July,3
2020-07-24,2020,7,24,July,3
2020-07-25,2020,7,25,July,3
2020-07-28,2020,7,28,July,3
2020-07-31,2020,7,31,July,3
2020-08-01,2020,8,1,August,3
2020-08-02,2020,8,2,August,3
2020-08-07,2020,8,7,August,3
2020-08-08,2020,8,8,August,3
2020-08-10,2020,8,10,August,3
2020-08-11,2020,8,11,August,3
2020-08-12,2020,8,12,August,3
2020-08-14,2020,8,14,August,3
2020-08-15,2020,8,15,August,3
2020-08-19,2020,8,19,August,3
2020-08-20,2020,8,20,August,3
2020-08-21,2020,8,21,August,3
2020-08-22,2020,8,22,August,3
2020-08-24,2020,8,24,August,3
2020-08-29,2020,8,29,August,3
2020-08-31,2020,8,31,August,3
2020-09-02,2020,9,2,September,3
2020-09-03,2020,9,3,September,3
2020-09-06,2020,9,6,September,3
2020-09-08,2020,9,8,September,3
2020-09-12,2020,9,12,September,3
2020-09-13,2020,9,13,September,3
2020-09-15,2020,9,15,September,3
2020-09-17,2020,9,17,September,3
2020-09-18,2020,9,18,September,3
2020-09-19,2020,9,19,September,3
2020-09-20,2020,9,20,September,3
2020-09-21,2020,9,21,September,3
2020-09-22,2020,9,22,September,3
2020-09-23,2020,9,23,September,3
2020-09-24,2020,9,24,September,3
2020-09-26,2020,9,26,September,3
2020-09-27,2020,9,27,September,3
2020-09-29,2020,9,29,September,3
2020-09-30,2020,9,30,September,3
2020-10-01,2020,10,1,October,4
2020-10-02,2020,10,2,October,4
2020-10-03,2020,10,3,October,4
2020-10-05,2020,10,5,October,4
2020-10-06,2020,10,6,October,4
2020-10-07,2020,10,7,October,4
2020-10-08,2020,10,8,October,4
2020-10-10,2020,10,10,October,4
2020-10-14,2020,10,14,October,4
2020-10-16,2020,10,16,October,4
2020-10-20,2020,10,20,October,4
2020-10-21,2020,10,21,October,4
2020-10-22,2020,10,22,October,4
2020-10-25,2020,10,25,October,4
2020-10-27,2020,10,27,October,4
2020-10-28,2020,10,28,October,4
2020-10-29,2020,10,29,October,4
2020-10-30,2020,10,30,October,4
2020-10-31,2020,10,31,October,4
2020-11-01,2020,11,1,November,4
2020-11-03,2020,11,3,November,4
2020-11-05,2020,11,5,November,4
2020-11-06,2020,11,6,November,4
2020-11-07,2020,11,7,November,4
2020-11-08,2020,11,8,November,4
2020-11-09,2020,11,9,November,4
2020-11-10,2020,11,10,November,4
2020-11-11,2020,11,11,November,4
2020-11-12,2020,11,12,November,4
2020-11-13,2020,11,13,November,4
2020-11-17,2020,11,17,November,4
2020-11-18,2020,11,18,November,4
2020-11-22,2020,11,22,November,4
2020-11-23,2020,11,23,November,4
2020-11-24,2020,11,24,November,4
2020-12-02,2020,12,2,December,4
2020-12-05,2020,12,5,December,4
2020-12-07,2020,12,7,December,4
2020-12-08,2020,12,8,December,4
2020-12-11,2020,12,11,December,4
2020-12-12,2020,12,12,December,4
2020-12-13,2020,12,13,December,4
2020-12-14,2020,12,14,December,4
2020-12-16,2020,12,16,December,4
2020-12-17,2020,12,17,December,4
2020-12-19,2020,12,19,December,4
2020-12-20,2020,12,20,December,4
2020-12-21,2020,12,21,December,4
2020-12-22,2020,12,22,December,4
2020-12-23,2020,12,23,December,4
2020-12-28,2020,12,28,December,4
2020-12-29,2020,12,29,December,4
2020-12-30,2020,12,30,December,4
2021-01-02,2021,1,2,January,1
2021-01-04,2021,1,4,January,1
2021-01-05,2021,1,5,January,1
2021-01-06,2021,1,6,January,1
2021-01-07,2021,1,7,January,1
2021-01-08,2021,1,8,January,1
2021-01-11,2021,1,11,January,1
2021-01-17,2021,1,17,January,1
2021-01-20,2021,1,20,January,1
2021-01-22,2021,1,22,January,1
2021-01-25,2021,1,25,January,1
2021-01-26,2021,1,26,January,1
2021-01-28,2021,1,28,January,1
2021-01-31,2021,1,31,January,1
2021-02-01,2021,2,1,February,1
2021-02-02,2021,2,2,February,1
2021-02-07,2021,2,7,February,1
2021-02-08,2021,2,8,February,1
2021-02-10,2021,2,10,February,1
2021-02-12,2021,2,12,February,1
2021-02-14,2021,2,14,February,1
2021-02-15,2021,2,15,February,1
2021-02-17,2021,2,17,February,1
2021-02-20,2021,2,20,February,1
2021-02-21,2021,2,21,February,1
2021-02-22,2021,2,22,February,1
2021-02-23,2021,2,23,February,1
2021-02-26,2021,2,26,February,1
2021-02-27,2021,2,27,February,1
2021-02-28,2021,2,28,February,1
2021-03-01,2021,3,1,March,1
2021-03-02,2021,3,2,March,1
2021-03-04,2021,3,4,March,1
2021-03-05,2021,3,5,March,1
2021-03-06,2021,3,6,March,1
2021-03-08,2021,3,8,March,1
2021-03-10,2021,3,10,March,1
2021-03-12,2021,3,12,March,1
2021-03-15,2021,3,15,March,1
2021-03-19,2021,3,19,March,1
2021-03-22,2021,3,22,March,1
2021-03-23,2021,3,23,March,1
2021-03-24,2021,3,24,March,1
2021-03-26,2021,3,26,March,1
2021-03-27,2021,3,27,March,1
2021-03-29,2021,3,29,March,1
2021-03-31,2021,3,31,March,1
2021-04-02,2021,4,2,April,2
2021-04-04,2021,4,4,April,2
2021-04-05,2021,4,5,April,2
2021-04-07,2021,4,7,April,2
2021-04-08,2021,4,8,April,2
2021-04-09,2021,4,9,April,2
2021-04-10,2021,4,10,April,2
2021-04-11,2021,4,11,April,2
2021-04-16,2021,4,16,April,2
2021-04-18,2021,4,18,April,2
2021-04-23,2021,4,23,April,2
2021-04-24,2021,4,24,April,2
2021-04-25,2021,4,25,April,2
2021-04-28,2021,4,28,April,2
2021-04-29,2021,4,29,April,2
2021-05-01,2021,5,1,May,2
2021-05-02,2021,5,2,May,2
2021-05-03,2021,5,3,May,2
2021-05-05,2021,5,5,May,2
2021-05-09,2021,5,9,May,2
2021-05-10,2021,5,10,May,2
2021-05-11,2021,5,11,May,2
2021-05-12,2021,5,12,May,2
2021-05-13,2021,5,13,May,2
2021-05-16,2021,5,16,May,2
2021-05-17,2021,5,17,May,2
2021-05-20,2021,5,20,May,2
2021-05-21,2021,5,21,May,2
2021-05-22,2021,5,22,May,2
2021-05-23,2021,5,23,May,2
2021-05-26,2021,5,26,May,2
2021-05-28,2021,5,28,May,2
2021-06-03,2021,6,3,June,2
2021-06-06,2021,6,6,June,2
2021-06-09,2021,6,9,June,2
2021-06-10,2021,6,10,June,2
2021-06-11,2021,6,11,June,2
2021-06-12,2021,6,12,June,2
2021-06-14,2021,6,14,June,2
2021-06-16,2021,6,16,June,2
2021-06-17,2021,6,17,June,2
2021-06-18,2021,6,18,June,2
2021-06-20,2021,6,20,June,2
2021-06-21,2021,6,21,June,2
2021-06-23,2021,6,23,June,2
2021-06-25,2021,6,25,June,2
2021-06-28,2021,6,28,June,2
2021-06-29,2021,6,29,June,2
2021-06-30,2021,6,30,June,2
2021-07-01,2021,7,1,July,3
2021-07-02,2021,7,2,July,3
2021-07-04,2021,7,4,July,3
2021-07-07,2021,7,7,July,3
2021-07-08,2021,7,8,July,3
2021-07-11,2021,7,11,July,3
2021-07-16,2021,7,16,July,3
2021-07-19,2021,7,19,July,3
2021-07-20,2021,7,20,July,3
2021-07-23,2021,7,23,July,3
2021-07-24,2021,7,24,July,3
2021-07-26,2021,7,26,July,3
2021-07-27,2021,7,27,July,3
2021-07-30,2021,7,30,July,3
2021-08-05,2021,8,5,August,3
2021-08-06,2021,8,6,August,3
2021-08-07,2021,8,7,August,3
2021-08-08,2021,8,8,August,3
2021-08-09,2021,8,9,August,3
2021-08-15,2021,8,15,August,3
2021-08-16,2021,8,16,August,3
2021-08-18,2021,8,18,August,3
2021-08-19,2021,8,19,August,3
2021-08-23,2021,8,23,August,3
2021-08-24,2021,8,24,August,3
2021-08-26,2021,8,26,August,3
2021-08-27,2021,8,27,August,3
2021-08-28,2021,8,28,August,3
2021-08-31,2021,8,31,August,3
2021-09-01,2021,9,1,September,3
2021-09-03,2021,9,3,September,3
2021-09-04,2021,9,4,September,3
2021-09-06,2021,9,6,September,3
2021-09-08,2021,9,8,September,3
2021-09-10,2021,9,10,September,3
2021-09-14,2021,9,14,September,3
2021-09-16,2021,9,16,September,3
2021-09-21,2021,9,21,September,3
2021-09-22,2021,9,22,September,3
2021-09-24,2021,9,24,September,3
2021-09-26,2021,9,26,September,3
2021-09-28,2021,9,28,September,3
2021-09-29,2021,9,29,September,3
2021-10-02,2021,10,2,October,4
2021-10-04,2021,10,4,October,4
2021-10-05,2021,10,5,October,4
2021-10-06,2021,10,6,October,4
2021-10-07,2021,10,7,October,4
2021-10-09,2021,10,9,October,4
2021-10-10,2021,10,10,October,4
2021-10-13,2021,10,13,October,4
2021-10-14,2021,10,14,October,4
2021-10-15,2021,10,15,October,4
2021-10-23,2021,10,23,October,4
2021-10-24,2021,10,24,October,4
2021-10-25,2021,10,25,October,4
2021-10-27,2021,10,27,October,4
2021-10-29,2021,10,29,October,4
2021-10-30,2021,10,30,October,4
2021-11-02,2021,11,2,November,4
2021-11-03,2021,11,3,November,4
2021-11-06,2021,11,6,November,4
2021-11-13,2021,11,13,November,4
2021-11-14,2021,11,14,November,4
2021-11-15,2021,11,15,November,4
2021-11-16,2021,11,16,November,4
2021-11-17,2021,11,17,November,4
2021-11-18,2021,11,18,November,4
2021-11-20,2021,11,20,November,4
2021-11-24,2021,11,24,November,4
2021-11-26,2021,11,26,November,4
2021-11-28,2021,11,28,November,4
2021-11-29,2021,11,29,November,4
2021-11-30,2021,11,30,November,4
2021-12-01,2021,12,1,December,4
2021-12-02,2021,12,2,December,4
2021-12-05,2021,12,5,December,4
2021-12-08,2021,12,8,December,4
2021-12-12,2021,12,12,December,4
2021-12-15,2021,12,15,December,4
2021-12-17,2021,12,17,December,4
2021-12-22,2021,12,22,December,4
2021-12-25,2021,12,25,December,4
2021-12-26,2021,12,26,December,4
2021-12-29,2021,12,29,December,4
2022-01-02,2022,1,2,January,1
2022-01-03,2022,1,3,January,1
2022-01-04,2022,1,4,January,1
2022-01-05,2022,1,5,January,1
2022-01-06,2022,1,6,January,1
2022-01-07,2022,1,7,January,1
2022-01-08,2022,1,8,January,1
2022-01-10,2022,1,10,January,1
2022-01-11,2022,1,11,January,1
2022-01-12,2022,1,12,January,1
2022-01-18,2022,1,18,January,1
2022-01-20,2022,1,20,January,1
2022-01-21,2022,1,21,January,1
2022-01-23,2022,1,23,January,1
2022-01-26,2022,1,26,January,1
2022-01-27,2022,1,27,January,1
2022-01-29,2022,1,29,January,1
2022-02-02,2022,2,2,February,1
2022-02-04,2022,2,4,February,1
2022-02-05,2022,2,5,February,1
2022-02-07,2022,2,7,February,1
2022-02-08,2022,2,8,February,1
2022-02-11,2022,2,11,February,1
2022-02-15,2022,2,15,February,1
2022-02-16,2022,2,16,February,1
2022-02-18,2022,2,18,February,1
2022-02-22,2022,2,22,February,1
2022-02-25,2022,2,25,February,1
2022-02-27,2022,2,27,February,1
2022-02-28,2022,2,28,February,1
2022-03-01,2022,3,1,March,1
2022-03-03,2022,3,3,March,1
2022-03-06,2022,3,6,March,1
2022-03-07,2022,3,7,March,1
2022-03-08,2022,3,8,March,1
2022-03-12,2022,3,12,March,1
2022-03-13,2022,3,13,March,1
2022-03-14,2022,3,14,March,1
2022-03-15,2022,3,15,March,1
2022-03-16,2022,3,16,March,1
2022-03-20,2022,3,20,March,1
2022-03-26,2022,3,26,March,1
2022-03-27,2022,3,27,March,1
2022-03-29,2022,3,29,March,1
2022-03-30,2022,3,30,March,1
2022-04-01,2022,4,1,April,2
2022-04-03,2022,4,3,April,2
2022-04-04,2022,4,4,April,2
2022-04-05,2022,4,5,April,2
2022-04-06,2022,4,6,April,2
2022-04-09,2022,4,9,April,2
2022-04-10,2022,4,10,April,2
2022-04-11,2022,4,11,April,2
2022-04-13,2022,4,13,April,2
2022-04-15,2022,4,15,April,2
2022-04-16,2022,4,16,April,2
2022-04-17,2022,4,17,April,2
2022-04-19,2022,4,19,April,2
2022-04-20,2022,4,20,April,2
2022-04-23,2022,4,23,April,2
2022-04-24,2022,4,24,April,2
2022-04-28,2022,4,28,April,2
2022-04-30,2022,4,30,April,2
2022-05-01,2022,5,1,May,2
2022-05-02,2022,5,2,May,2
2022-05-03,2022,5,3,May,2
2022-05-04,2022,5,4,May,2
2022-05-07,2022,5,7,May,2
2022-05-09,2022,5,9,May,2
2022-05-11,2022,5,11,May,2
2022-05-15,2022,5,15,May,2
2022-05-16,2022,5,16,May,2
2022-05-17,2022,5,17,May,2
2022-05-18,2022,5,18,May,2
2022-05-20,2022,5,20,May,2
2022-05-22,2022,5,22,May,2
2022-05-23,2022,5,23,May,2
2022-05-25,2022,5,25,May,2
2022-05-26,2022,5,26,May,2
2022-05-27,2022,5,27,May,2
2022-06-08,2022,6,8,June,2
2022-06-09,2022,6,9,June,2
2022-06-10,2022,6,10,June,2
2022-06-13,2022,6,13,June,2
2022-06-14,2022,6,14,June,2
2022-06-15,2022,6,15,June,2
2022-06-16,2022,6,16,June,2
2022-06-18,2022,6,18,June,2
2022-06-19,2022,6,19,June,2
2022-06-22,2022,6,22,June,2
2022-06-23,2022,6,23,June,2
2022-06-24,2022,6,24,June,2
2022-06-26,2022,6,26,June,2
2022-06-27,2022,6,27,June,2
2022-06-28,2022,6,28,June,2
2022-06-30,2022,6,30,June,2
2022-07-01,2022,7,1,July,3
2022-07-02,2022,7,2,July,3
2022-07-05,2022,7,5,July,3
2022-07-07,2022,7,7,July,3
2022-07-14,2022,7,14,July,3
2022-07-15,2022,7,15,July,3
2022-07-18,2022,7,18,July,3
2022-07-20,2022,7,20,July,3
2022-07-22,2022,7,22,July,3
2022-07-24,2022,7,24,July,3
2022-07-25,2022,7,25,July,3
2022-07-26,2022,7,26,July,3
2022-07-27,2022,7,27,July,3
2022-07-28,2022,7,28,July,3
2022-07-29,2022,7,29,July,3
2022-07-31,2022,7,31,July,3
2022-08-02,2022,8,2,August,3
2022-08-03,2022,8,3,August,3
2022-08-04,2022,8,4,August,3
2022-08-09,2022,8,9,August,3
2022-08-10,2022,8,10,August,3
2022-08-11,2022,8,11,August,3
2022-08-13,2022,8,13,August,3
2022-08-20,2022,8,20,August,3
2022-08-21,2022,8,21,August,3
2022-08-27,2022,8,27,August,3
2022-08-28,2022,8,28,August,3
2022-08-31,2022,8,31,August,3
2022-09-01,2022,9,1,September,3
2022-09-04,2022,9,4,September,3
2022-09-06,2022,9,6,September,3
2022-09-07,2022,9,7,September,3
2022-09-08,2022,9,8,September,3
2022-09-09,2022,9,9,September,3
2022-09-10,2022,9,10,September,3
2022-09-11,2022,9,11,September,3
2022-09-13,2022,9,13,September,3
2022-09-16,2022,9,16,September,3
2022-09-17,2022,9,17,September,3
2022-09-21,2022,9,21,September,3
2022-09-22,2022,9,22,September,3
2022-09-28,2022,9,28,September,3
2022-09-29,2022,9,29,September,3
2022-10-02,2022,10,2,October,4
2022-10-04,2022,10,4,October,4
2022-10-05,2022,10,5,October,4
2022-10-08,2022,10,8,October,4
2022-10-10,2022,10,10,October,4
2022-10-11,2022,10,11,October,4
2022-10-12,2022,10,12,October,4
2022-10-13,2022,10,13,October,4
2022-10-17,2022,10,17,October,4
2022-10-20,2022,10,20,October,4
2022-10-23,2022,10,23,October,4
2022-10-24,2022,10,24,October,4
2022-10-25,2022,10,25,October,4
2022-10-27,2022,10,27,October,4
2022-10-28,2022,10,28,October,4
2022-10-30,2022,10,30,October,4
2022-11-02,2022,11,2,November,4
2022-11-04,2022,11,4,November,4
2022-11-05,2022,11,5,November,4
2022-11-07,2022,11,7,November,4
2022-11-08,2022,11,8,November,4
2022-11-09,2022,11,9,November,4
2022-11-10,2022,11,10,November,4
2022-11-11,2022,11,11,November,4
2022-11-15,2022,11,15,November,4
2022-11-24,2022,11,24,November,4
2022-11-25,2022,11,25,November,4
2022-11-26,2022,11,26,November,4
2022-11-28,2022,11,28,November,4
2022-11-30,2022,11,30,November,4
2022-12-01,2022,12,1,December,4
2022-12-04,2022,12,4,December,4
2022-12-05,2022,12,5,December,4
2022-12-07,2022,12,7,December,4
2022-12-09,2022,12,9,December,4
2022-12-11,2022,12,11,December,4
2022-12-15,2022,12,15,December,4
2022-12-17,2022,12,17,December,4
2022-12-18,2022,12,18,December,4
2022-12-20,2022,12,20,December,4
2022-12-21,2022,12,21,December,4
2022-12-23,2022,12,23,December,4
2022-12-24,2022,12,24,December,4
2022-12-25,2022,12,25,December,4
2022-12-26,2022,12,26,December,4
2022-12-27,2022,12,27,December,4
2022-12-28,2022,12,28,December,4
2016-01-01,2016,1,1,January,1
2016-01-02,2016,1,2,January,1
2016-01-03,2016,1,3,January,1
2016-01-04,2016,1,4,January,1
2016-01-05,2016,1,5,January,1
2016-01-06,2016,1,6,January,1
2016-01-07,2016,1,7,January,1
2016-01-09,2016,1,9,January,1
2016-01-10,2016,1,10,January,1
2016-01-11,2016,1,11,January,1
2016-01-13,2016,1,13,January,1
2016-01-15,2016,1,15,January,1
2016-01-21,2016,1,21,January,1
2016-01-24,2016,1,24,January,1
2016-01-26,2016,1,26,January,1
2016-01-27,2016,1,27,January,1
2016-01-28,2016,1,28,January,1
2016-01-29,2016,1,29,January,1
2016-01-30,2016,1,30,January,1
2016-01-31,2016,1,31,January,1
2016-02-02,2016,2,2,February,1
2016-02-04,2016,2,4,February,1
2016-02-05,2016,2,5,February,1
2016-02-06,2016,2,6,February,1
2016-02-08,2016,2,8,February,1
2016-02-11,2016,2,11,February,1
2016-02-12,2016,2,12,February,1
2016-02-13,2016,2,13,February,1
2016-02-16,2016,2,16,February,1
2016-02-18,2016,2,18,February,1
2016-02-19,2016,2,19,February,1
2016-02-21,2016,2,21,February,1
2016-02-22,2016,2,22,February,1
2016-02-24,2016,2,24,February,1
2016-02-25,2016,2,25,February,1
2016-02-26,2016,2,26,February,1
2016-02-27,2016,2,27,February,1
2016-03-02,2016,3,2,March,1
2016-03-04,2016,3,4,March,1
2016-03-09,2016,3,9,March,1
2016-03-10,2016,3,10,March,1
2016-03-12,2016,3,12,March,1
2016-03-14,2016,3,14,March,1
2016-03-16,2016,3,16,March,1
2016-03-17,2016,3,17,March,1
2016-03-18,2016,3,18,March,1
2016-03-19,2016,3,19,March,1
2016-03-20,2016,3,20,March,1
2016-03-23,2016,3,23,March,1
2016-03-24,2016,3,24,March,1
2016-03-26,2016,3,26,March,1
2016-03-27,2016,3,27,March,1
2016-03-31,2016,3,31,March,1
2016-04-01,2016,4,1,April,2
2016-04-02,2016,4,2,April,2
2016-04-04,2016,4,4,April,2
2016-04-06,2016,4,6,April,2
2016-04-07,2016,4,7,April,2
2016-04-09,2016,4,9,April,2
2016-04-11,2016,4,11,April,2
2016-04-12,2016,4,12,April,2
2016-04-14,2016,4,14,April,2
2016-04-16,2016,4,16,April,2
2016-04-17,2016,4,17,April,2
2016-04-18,2016,4,18,April,2
2016-04-20,2016,4,20,April,2
2016-04-22,2016,4,22,April,2
2016-04-23,2016,4,23,April,2
2016-04-25,2016,4,25,April,2
2016-04-26,2016,4,26,April,2
2016-04-27,2016,4,27,April,2
2016-04-30,2016,4,30,April,2
2016-05-01,2016,5,1,May,2
2016-05-02,2016,5,2,May,2
2016-05-04,2016,5,4,May,2
2016-05-05,2016,5,5,May,2
2016-05-07,2016,5,7,May,2
2016-05-12,2016,5,12,May,2
2016-05-13,2016,5,13,May,2
2016-05-14,2016,5,14,May,2
2016-05-15,2016,5,15,May,2
2016-05-16,2016,5,16,May,2
2016-05-19,2016,5,19,May,2
2016-05-20,2016,5,20,May,2
2016-05-21,2016,5,21,May,2
2016-05-22,2016,5,22,May,2
2016-05-27,2016,5,27,May,2
2016-05-28,2016,5,28,May,2
2016-06-02,2016,6,2,June,2
2016-06-03,2016,6,3,June,2
2016-06-04,2016,6,4,June,2
2016-06-05,2016,6,5,June,2
2016-06-06,2016,6,6,June,2
2016-06-08,2016,6,8,June,2
2016-06-09,2016,6,9,June,2
2016-06-10,2016,6,10,June,2
2016-06-11,2016,6,11,June,2
2016-06-13,2016,6,13,June,2
2016-06-16,2016,6,16,June,2
2016-06-17,2016,6,17,June,2
2016-06-19,2016,6,19,June,2
2016-06-20,2016,6,20,June,2
2016-06-21,2016,6,21,June,2
2016-06-22,2016,6,22,June,2
2016-06-23,2016,6,23,June,2
2016-06-25,2016,6,25,June,2
2016-06-26,2016,6,26,June,2
2016-06-27,2016,6,27,June,2
2016-06-28,2016,6,28,June,2
2016-07-01,2016,7,1,July,3
2016-07-03,2016,7,3,July,3
2016-07-06,2016,7,6,July,3
2016-07-08,2016,7,8,July,3
2016-07-12,2016,7,12,July,3
2016-07-13,2016,7,13,July,3
2016-07-16,2016,7,16,July,3
2016-07-18,2016,7,18,July,3
2016-07-19,2016,7,19,July,3
2016-07-21,2016,7,21,July,3
2016-07-23,2016,7,23,July,3
2016-07-26,2016,7,26,July,3
2016-07-28,2016,7,28,July,3
2016-07-29,2016,7,29,July,3
2016-08-03,2016,8,3,August,3
2016-08-04,2016,8,4,August,3
2016-08-05,2016,8,5,August,3
2016-08-06,2016,8,6,August,3
2016-08-07,2016,8,7,August,3
2016-08-10,2016,8,10,August,3
2016-08-13,2016,8,13,August,3
2016-08-14,2016,8,14,August,3
2016-08-16,2016,8,16,August,3
2016-08-17,2016,8,17,August,3
2016-08-18,2016,8,18,August,3
2016-08-19,2016,8,19,August,3
2016-08-20,2016,8,20,August,3
2016-08-22,2016,8,22,August,3
2016-08-23,2016,8,23,August,3
2016-08-27,2016,8,27,August,3
2016-08-28,2016,8,28,August,3
2016-08-29,2016,8,29,August,3
2016-08-30,2016,8,30,August,3
2016-09-01,2016,9,1,September,3
2016-09-02,2016,9,2,September,3
2016-09-03,2016,9,3,September,3
2016-09-06,2016,9,6,September,3
2016-09-08,2016,9,8,September,3
2016-09-11,2016,9,11,September,3
2016-09-12,2016,9,12,September,3
2016-09-17,2016,9,17,September,3
2016-09-18,2016,9,18,September,3
2016-09-21,2016,9,21,September,3
2016-09-25,2016,9,25,September,3
2016-09-28,2016,9,28,September,3
2016-09-30,2016,9,30,September,3
2016-10-01,2016,10,1,October,4
2016-10-02,2016,10,2,October,4
2016-10-04,2016,10,4,October,4
2016-10-06,2016,10,6,October,4
2016-10-07,2016,10,7,October,4
2016-10-08,2016,10,8,October,4
2016-10-09,2016,10,9,October,4
2016-10-10,2016,10,10,October,4
2016-10-11,2016,10,11,October,4
2016-10-13,2016,10,13,October,4
2016-10-16,2016,10,16,October,4
2016-10-17,2016,10,17,October,4
2016-10-18,2016,10,18,October,4
2016-10-20,2016,10,20,October,4
2016-10-25,2016,10,25,October,4
2016-10-29,2016,10,29,October,4
2016-11-02,2016,11,2,November,4
2016-11-05,2016,11,5,November,4
2016-11-06,2016,11,6,November,4
2016-11-07,2016,11,7,November,4
2016-11-09,2016,11,9,November,4
2016-11-10,2016,11,10,November,4
2016-11-13,2016,11,13,November,4
2016-11-14,2016,11,14,November,4
2016-11-15,2016,11,15,November,4
2016-11-18,2016,11,18,November,4
2016-11-19,2016,11,19,November,4
2016-11-22,2016,11,22,November,4
2016-11-24,2016,11,24,November,4
2016-11-26,2016,11,26,November,4
2016-11-28,2016,11,28,November,4
2016-11-30,2016,11,30,November,4
2016-12-01,2016,12,1,December,4
2016-12-04,2016,12,4,December,4
2016-12-05,2016,12,5,December,4
2016-12-06,2016,12,6,December,4
2016-12-10,2016,12,10,December,4
2016-12-11,2016,12,11,December,4
2016-12-12,2016,12,12,December,4
2016-12-14,2016,12,14,December,4
2016-12-17,2016,12,17,December,4
2016-12-20,2016,12,20,December,4
2016-12-21,2016,12,21,December,4
2016-12-24,2016,12,24,December,4
2016-12-26,2016,12,26,December,4
2016-12-27,2016,12,27,December,4
2016-12-28,2016,12,28,December,4
2016-12-29,2016,12,29,December,4
2017-01-02,2017,1,2,January,1
2017-01-03,2017,1,3,January,1
2017-01-06,2017,1,6,January,1
2017-01-11,2017,1,11,January,1
2017-01-13,2017,1,13,January,1
2017-01-15,2017,1,15,January,1
2017-01-16,2017,1,16,January,1
2017-01-22,2017,1,22,January,1
2017-01-25,2017,1,25,January,1
2017-01-27,2017,1,27,January,1
2017-01-28,2017,1,28,January,1
2017-01-29,2017,1,29,January,1
2017-02-01,2017,2,1,February,1
2017-02-03,2017,2,3,February,1
2017-02-04,2017,2,4,February,1
2017-02-06,2017,2,6,February,1
2017-02-07,2017,2,7,February,1
2017-02-09,2017,2,9,February,1
2017-02-12,2017,2,12,February,1
2017-02-13,2017,2,13,February,1
2017-02-14,2017,2,14,February,1
2017-02-16,2017,2,16,February,1
2017-02-17,2017,2,17,February,1
2017-02-18,2017,2,18,February,1
2017-02-20,2017,2,20,February,1
2017-02-22,2017,2,22,February,1
2017-02-23,2017,2,23,February,1
2017-03-02,2017,3,2,March,1
2017-03-05,2017,3,5,March,1
2017-03-06,2017,3,6,March,1
2017-03-08,2017,3,8,March,1
2017-03-10,2017,3,10,March,1
2017-03-15,2017,3,15,March,1
2017-03-17,2017,3,17,March,1
2017-03-18,2017,3,18,March,1
2017-03-20,2017,3,20,March,1
2017-03-22,2017,3,22,March,1
2017-03-25,2017,3,25,March,1
2017-03-26,2017,3,26,March,1
2017-03-27,2017,3,27,March,1
2017-03-28,2017,3,28,March,1
2017-03-29,2017,3,29,March,1
2017-04-02,2017,4,2,April,2
2017-04-04,2017,4,4,April,2
2017-04-07,2017,4,7,April,2
2017-04-09,2017,4,9,April,2
2017-04-10,2017,4,10,April,2
2017-04-12,2017,4,12,April,2
2017-04-16,2017,4,16,April,2
2017-04-17,2017,4,17,April,2
2017-04-18,2017,4,18,April,2
2017-04-19,2017,4,19,April,2
2017-04-22,2017,4,22,April,2
2017-04-23,2017,4,23,April,2
2017-04-25,2017,4,25,April,2
2017-04-29,2017,4,29,April,2
2017-05-01,2017,5,1,May,2
2017-05-03,2017,5,3,May,2
2017-05-05,2017,5,5,May,2
2017-05-06,2017,5,6,May,2
2017-05-09,2017,5,9,May,2
2017-05-10,2017,5,10,May,2
2017-05-12,2017,5,12,May,2
2017-05-14,2017,5,14,May,2
2017-05-15,2017,5,15,May,2
2017-05-20,2017,5,20,May,2
2017-05-26,2017,5,26,May,2
2017-05-28,2017,5,28,May,2
2017-05-30,2017,5,30,May,2
2017-05-31,2017,5,31,May,2
2017-06-02,2017,6,2,June,2
2017-06-03,2017,6,3,June,2
2017-06-05,2017,6,5,June,2
2017-06-06,2017,6,6,June,2
2017-06-07,2017,6,7,June,2
2017-06-09,2017,6,9,June,2
2017-06-11,2017,6,11,June,2
2017-06-12,2017,6,12,June,2
2017-06-13,2017,6,13,June,2
2017-06-15,2017,6,15,June,2
2017-06-17,2017,6,17,June,2
2017-06-18,2017,6,18,June,2
2017-06-21,2017,6,21,June,2
2017-06-23,2017,6,23,June,2
2017-06-25,2017,6,25,June,2
2017-06-27,2017,6,27,June,2
2017-06-29,2017,6,29,June,2
2017-06-30,2017,6,30,June,2
2017-07-02,2017,7,2,July,3
2017-07-04,2017,7,4,July,3
2017-07-05,2017,7,5,July,3
2017-07-06,2017,7,6,July,3
2017-07-07,2017,7,7,July,3
2017-07-10,2017,7,10,July,3
2017-07-12,2017,7,12,July,3
2017-07-16,2017,7,16,July,3
2017-07-18,2017,7,18,July,3
2017-07-20,2017,7,20,July,3
2017-07-21,2017,7,21,July,3
2017-07-25,2017,7,25,July,3
2017-07-29,2017,7,29,July,3
2017-07-30,2017,7,30,July,3
2017-08-01,2017,8,1,August,3
2017-08-04,2017,8,4,August,3
2017-08-06,2017,8,6,August,3
2017-08-07,2017,8,7,August,3
2017-08-08,2017,8,8,August,3
2017-08-09,2017,8,9,August,3
2017-08-10,2017,8,10,August,3
2017-08-11,2017,8,11,August,3
2017-08-12,2017,8,12,August,3
2017-08-13,2017,8,13,August,3
2017-08-15,2017,8,15,August,3
2017-08-16,2017,8,16,August,3
2017-08-17,2017,8,17,August,3
2017-08-20,2017,8,20,August,3
2017-08-22,2017,8,22,August,3
2017-08-23,2017,8,23,August,3
2017-08-24,2017,8,24,August,3
2017-08-25,2017,8,25,August,3
2017-08-27,2017,8,27,August,3
2017-08-28,2017,8,28,August,3
2017-08-30,2017,8,30,August,3
2017-08-31,2017,8,31,August,3
2017-09-01,2017,9,1,September,3
2017-09-03,2017,9,3,September,3
2017-09-04,2017,9,4,September,3
2017-09-06,2017,9,6,September,3
2017-09-07,2017,9,7,September,3
2017-09-09,2017,9,9,September,3
2017-09-10,2017,9,10,September,3
2017-09-11,2017,9,11,September,3
2017-09-12,2017,9,12,September,3
2017-09-13,2017,9,13,September,3
2017-09-14,2017,9,14,September,3
2017-09-15,2017,9,15,September,3
2017-09-16,2017,9,16,September,3
2017-09-17,2017,9,17,September,3
2017-09-18,2017,9,18,September,3
2017-09-22,2017,9,22,September,3
2017-09-24,2017,9,24,September,3
2017-09-25,2017,9,25,September,3
2017-09-26,2017,9,26,September,3
2017-09-28,2017,9,28,September,3
2017-09-30,2017,9,30,September,3
2017-10-01,2017,10,1,October,4
2017-10-03,2017,10,3,October,4
2017-10-06,2017,10,6,October,4
2017-10-07,2017,10,7,October,4
2017-10-10,2017,10,10,October,4
2017-10-19,2017,10,19,October,4
2017-10-22,2017,10,22,October,4
2017-10-25,2017,10,25,October,4
2017-10-26,2017,10,26,October,4
2017-10-27,2017,10,27,October,4
2017-10-28,2017,10,28,October,4
2017-10-29,2017,10,29,October,4
2017-10-30,2017,10,30,October,4
2017-10-31,2017,10,31,October,4
2017-11-01,2017,11,1,November,4
2017-11-02,2017,11,2,November,4
2017-11-03,2017,11,3,November,4
2017-11-04,2017,11,4,November,4
2017-11-05,2017,11,5,November,4
2017-11-10,2017,11,10,November,4
2017-11-11,2017,11,11,November,4
2017-11-12,2017,11,12,November,4
2017-11-13,2017,11,13,November,4
2017-11-15,2017,11,15,November,4
2017-11-16,2017,11,16,November,4
2017-11-17,2017,11,17,November,4
2017-11-19,2017,11,19,November,4
2017-11-21,2017,11,21,November,4
2017-11-23,2017,11,23,November,4
2017-11-26,2017,11,26,November,4
2017-11-30,2017,11,30,November,4
2017-12-04,2017,12,4,December,4
2017-12-05,2017,12,5,December,4
2017-12-08,2017,12,8,December,4
2017-12-12,2017,12,12,December,4
2017-12-16,2017,12,16,December,4
2017-12-21,2017,12,21,December,4
2017-12-23,2017,12,23,December,4
2017-12-27,2017,12,27,December,4
2017-12-31,2017,12,31,December,4
2018-01-01,2018,1,1,January,1
2018-01-03,2018,1,3,January,1
2018-01-04,2018,1,4,January,1
2018-01-06,2018,1,6,January,1
2018-01-07,2018,1,7,January,1
2018-01-08,2018,1,8,January,1
2018-01-10,2018,1,10,January,1
2018-01-13,2018,1,13,January,1
2018-01-16,2018,1,16,January,1
2018-01-17,2018,1,17,January,1
2018-01-19,2018,1,19,January,1
2018-01-21,2018,1,21,January,1
2018-01-24,2018,1,24,January,1
2018-01-25,2018,1,25,January,1
2018-01-28,2018,1,28,January,1
2018-01-29,2018,1,29,January,1
2018-01-31,2018,1,31,January,1
2018-02-01,2018,2,1,February,1
2018-02-07,2018,2,7,February,1
2018-02-08,2018,2,8,February,1
2018-02-09,2018,2,9,February,1
2018-02-10,2018,2,10,February,1
2018-02-11,2018,2,11,February,1
2018-02-16,2018,2,16,February,1
2018-02-17,2018,2,17,February,1
2018-02-18,2018,2,18,February,1
2018-02-19,2018,2,19,February,1
2018-02-23,2018,2,23,February,1
2018-02-27,2018,2,27,February,1
2018-02-28,2018,2,28,February,1
2018-03-01,2018,3,1,March,1
2018-03-03,2018,3,3,March,1
2018-03-04,2018,3,4,March,1
2018-03-05,2018,3,5,March,1
2018-03-06,2018,3,6,March,1
2018-03-07,2018,3,7,March,1
2018-03-08,2018,3,8,March,1
2018-03-09,2018,3,9,March,1
2018-03-12,2018,3,12,March,1
2018-03-13,2018,3,13,March,1
2018-03-16,2018,3,16,March,1
2018-03-18,2018,3,18,March,1
2018-03-19,2018,3,19,March,1
2018-03-26,2018,3,26,March,1
2018-03-27,2018,3,27,March,1
2018-03-28,2018,3,28,March,1
2018-03-30,2018,3,30,March,1
2018-03-31,2018,3,31,March,1
2018-04-03,2018,4,3,April,2
2018-04-06,2018,4,6,April,2
2018-04-07,2018,4,7,April,2
2018-04-10,2018,4,10,April,2
2018-04-12,2018,4,12,April,2
2018-04-15,2018,4,15,April,2
2018-04-19,2018,4,19,April,2
2018-04-25,2018,4,25,April,2
2018-04-27,2018,4,27,April,2
2018-04-29,2018,4,29,April,2
2018-04-30,2018,4,30,April,2
2018-05-02,2018,5,2,May,2
2018-05-03,2018,5,3,May,2
2018-05-04,2018,5,4,May,2
2018-05-06,2018,5,6,May,2
2018-05-07,2018,5,7,May,2
2018-05-09,2018,5,9,May,2
2018-05-10,2018,5,10,May,2
2018-05-17,2018,5,17,May,2
2018-05-18,2018,5,18,May,2
2018-05-21,2018,5,21,May,2
2018-05-23,2018,5,23,May,2
2018-05-24,2018,5,24,May,2
2018-05-25,2018,5,25,May,2
2018-05-31,2018,5,31,May,2
2018-06-02,2018,6,2,June,2
2018-06-03,2018,6,3,June,2
2018-06-04,2018,6,4,June,2
2018-06-05,2018,6,5,June,2
2018-06-06,2018,6,6,June,2
2018-06-09,2018,6,9,June,2
2018-06-10,2018,6,10,June,2
2018-06-11,2018,6,11,June,2
2018-06-12,2018,6,12,June,2
2018-06-13,2018,6,13,June,2
2018-06-16,2018,6,16,June,2
2018-06-17,2018,6,17,June,2
2018-06-19,2018,6,19,June,2
2018-06-20,2018,6,20,June,2
2018-06-21,2018,6,21,June,2
2018-06-23,2018,6,23,June,2
2018-06-24,2018,6,24,June,2
2018-06-25,2018,6,25,June,2
2018-06-26,2018,6,26,June,2
2018-07-05,2018,7,5,July,3
2018-07-06,2018,7,6,July,3
2018-07-07,2018,7,7,July,3
2018-07-08,2018,7,8,July,3
2018-07-09,2018,7,9,July,3
2018-07-11,2018,7,11,July,3
2018-07-16,2018,7,16,July,3
2018-07-18,2018,7,18,July,3
2018-07-19,2018,7,19,July,3
2018-07-23,2018,7,23,July,3
2018-07-24,2018,7,24,July,3
2018-07-28,2018,7,28,July,3
2018-08-01,2018,8,1,August,3
2018-08-03,2018,8,3,August,3
2018-08-04,2018,8,4,August,3
2018-08-06,2018,8,6,August,3
2018-08-07,2018,8,7,August,3
2018-08-10,2018,8,10,August,3
2018-08-13,2018,8,13,August,3
2018-08-16,2018,8,16,August,3
2018-08-17,2018,8,17,August,3
2018-08-18,2018,8,18,August,3
2018-08-19,2018,8,19,August,3
2018-08-20,2018,8,20,August,3
2018-08-23,2018,8,23,August,3
2018-08-25,2018,8,25,August,3
2018-08-26,2018,8,26,August,3
2018-08-27,2018,8,27,August,3
2018-09-01,2018,9,1,September,3
2018-09-04,2018,9,4,September,3
2018-09-06,2018,9,6,September,3
2018-09-09,2018,9,9,September,3
2018-09-10,2018,9,10,September,3
2018-09-13,2018,9,13,September,3
2018-09-16,2018,9,16,September,3
2018-09-19,2018,9,19,September,3
2018-09-20,2018,9,20,September,3
2018-09-23,2018,9,23,September,3
2018-09-24,2018,9,24,September,3
2018-09-28,2018,9,28,September,3
2018-09-30,2018,9,30,September,3
2018-10-04,2018,10,4,October,4
2018-10-05,2018,10,5,October,4
2018-10-06,2018,10,6,October,4
2018-10-07,2018,10,7,October,4
2018-10-11,2018,10,11,October,4
2018-10-14,2018,10,14,October,4
2018-10-15,2018,10,15,October,4
2018-10-19,2018,10,19,October,4
2018-10-21,2018,10,21,October,4
2018-10-22,2018,10,22,October,4
2018-10-27,2018,10,27,October,4
2018-10-29,2018,10,29,October,4
2018-10-31,2018,10,31,October,4
2018-11-01,2018,11,1,November,4
2018-11-03,2018,11,3,November,4
2018-11-04,2018,11,4,November,4
2018-11-06,2018,11,6,November,4
2018-11-11,2018,11,11,November,4
2018-11-13,2018,11,13,November,4
2018-11-15,2018,11,15,November,4
2018-11-17,2018,11,17,November,4
2018-11-22,2018,11,22,November,4
2018-11-24,2018,11,24,November,4
2018-11-25,2018,11,25,November,4
2018-11-26,2018,11,26,November,4
2018-11-27,2018,11,27,November,4
2018-12-01,2018,12,1,December,4
2018-12-03,2018,12,3,December,4
2018-12-06,2018,12,6,December,4
2018-12-07,2018,12,7,December,4
2018-12-08,2018,12,8,December,4
2018-12-09,2018,12,9,December,4
2018-12-10,2018,12,10,December,4
2018-12-11,2018,12,11,December,4
2018-12-15,2018,12,15,December,4
2018-12-17,2018,12,17,December,4
2018-12-18,2018,12,18,December,4
2018-12-21,2018,12,21,December,4
2018-12-25,2018,12,25,December,4
2018-12-28,2018,12,28,December,4
2018-12-30,2018,12,30,December,4
2018-12-31,2018,12,31,December,4
2019-01-01,2019,1,1,January,1
2019-01-03,2019,1,3,January,1
2019-01-04,2019,1,4,January,1
2019-01-06,2019,1,6,January,1
2019-01-08,2019,1,8,January,1
2019-01-10,2019,1,10,January,1
2019-01-16,2019,1,16,January,1
2019-01-18,2019,1,18,January,1
2019-01-19,2019,1,19,January,1
2019-01-22,2019,1,22,January,1
2019-01-23,2019,1,23,January,1
2019-01-24,2019,1,24,January,1
2019-01-25,2019,1,25,January,1
2019-01-27,2019,1,27,January,1
2019-01-29,2019,1,29,January,1
2019-02-02,2019,2,2,February,1
2019-02-03,2019,2,3,February,1
2019-02-05,2019,2,5,February,1
2019-02-06,2019,2,6,February,1
2019-02-09,2019,2,9,February,1
2019-02-11,2019,2,11,February,1
2019-02-15,2019,2,15,February,1
2019-02-17,2019,2,17,February,1
2019-02-19,2019,2,19,February,1
2019-02-22,2019,2,22,February,1
2019-02-27,2019,2,27,February,1
2019-03-01,2019,3,1,March,1
2019-03-02,2019,3,2,March,1
2019-03-03,2019,3,3,March,1
2019-03-06,2019,3,6,March,1
2019-03-07,2019,3,7,March,1
2019-03-10,2019,3,10,March,1
2019-03-11,2019,3,11,March,1
2019-03-16,2019,3,16,March,1
2019-03-17,2019,3,17,March,1
2019-03-18,2019,3,18,March,1
2019-03-19,2019,3,19,March,1
2019-03-20,2019,3,20,March,1
2019-03-21,2019,3,21,March,1
2019-03-22,2019,3,22,March,1
2019-03-24,2019,3,24,March,1
2019-03-26,2019,3,26,March,1
2019-03-28,2019,3,28,March,1
2019-03-31,2019,3,31,March,1
2019-04-04,2019,4,4,April,2
2019-04-09,2019,4,9,April,2
2019-04-10,2019,4,10,April,2
2019-04-11,2019,4,11,April,2
2019-04-13,2019,4,13,April,2
2019-04-14,2019,4,14,April,2
2019-04-15,2019,4,15,April,2
2019-04-16,2019,4,16,April,2
2019-04-23,2019,4,23,April,2
2019-04-24,2019,4,24,April,2
2019-04-25,2019,4,25,April,2
2019-04-26,2019,4,26,April,2
2019-04-27,2019,4,27,April,2
2019-04-28,2019,4,28,April,2
2019-04-30,2019,4,30,April,2
2019-05-01,2019,5,1,May,2
2019-05-02,2019,5,2,May,2
2019-05-04,2019,5,4,May,2
2019-05-07,2019,5,7,May,2
2019-05-10,2019,5,10,May,2
2019-05-12,2019,5,12,May,2
2019-05-13,2019,5,13,May,2
2019-05-14,2019,5,14,May,2
2019-05-17,2019,5,17,May,2
2019-05-18,2019,5,18,May,2
2019-05-19,2019,5,19,May,2
2019-05-20,2019,5,20,May,2
2019-05-25,2019,5,25,May,2
2019-05-26,2019,5,26,May,2
2019-05-27,2019,5,27,May,2
2019-05-28,2019,5,28,May,2
2019-05-29,2019,5,29,May,2
2019-05-30,2019,5,30,May,2
2019-06-01,2019,6,1,June,2
2019-06-04,2019,6,4,June,2
2019-06-09,2019,6,9,June,2
2019-06-10,2019,6,10,June,2
2019-06-13,2019,6,13,June,2
2019-06-14,2019,6,14,June,2
2019-06-17,2019,6,17,June,2
2019-06-18,2019,6,18,June,2
2019-06-22,2019,6,22,June,2
2019-06-23,2019,6,23,June,2
2019-06-28,2019,6,28,June,2
2019-06-30,2019,6,30,June,2
2019-07-02,2019,7,2,July,3
2019-07-03,2019,7,3,July,3
2019-07-05,2019,7,5,July,3
2019-07-07,2019,7,7,July,3
2019-07-08,2019,7,8,July,3
2019-07-09,2019,7,9,July,3
2019-07-10,2019,7,10,July,3
2019-07-11,2019,7,11,July,3
2019-07-12,2019,7,12,July,3
2019-07-13,2019,7,13,July,3
2019-07-16,2019,7,16,July,3
2019-07-17,2019,7,17,July,3
2019-07-18,2019,7,18,July,3
2019-07-21,2019,7,21,July,3
2019-07-22,2019,7,22,July,3
2019-07-26,2019,7,26,July,3
2019-07-27,2019,7,27,July,3
2019-07-28,2019,7,28,July,3
2019-07-29,2019,7,29,July,3
2019-07-31,2019,7,31,July,3
2019-08-05,2019,8,5,August,3
2019-08-08,2019,8,8,August,3
2019-08-09,2019,8,9,August,3
2019-08-14,2019,8,14,August,3
2019-08-15,2019,8,15,August,3
2019-08-18,2019,8,18,August,3
2019-08-20,2019,8,20,August,3
2019-08-22,2019,8,22,August,3
2019-08-25,2019,8,25,August,3
2019-08-27,2019,8,27,August,3
2019-08-28,2019,8,28,August,3
2019-08-29,2019,8,29,August,3
2019-08-30,2019,8,30,August,3
2019-09-02,2019,9,2,September,3
2019-09-03,2019,9,3,September,3
2019-09-06,2019,9,6,September,3
2019-09-08,2019,9,8,September,3
2019-09-09,2019,9,9,September,3
2019-09-10,2019,9,10,September,3
2019-09-11,2019,9,11,September,3
2019-09-17,2019,9,17,September,3
2019-09-19,2019,9,19,September,3
2019-09-20,2019,9,20,September,3
2019-09-21,2019,9,21,September,3
2019-09-22,2019,9,22,September,3
2019-09-23,2019,9,23,September,3
2019-09-24,2019,9,24,September,3
2019-09-25,2019,9,25,September,3
2019-09-26,2019,9,26,September,3
2019-09-27,2019,9,27,September,3
2019-09-29,2019,9,29,September,3
2019-10-01,2019,10,1,October,4
2019-10-02,2019,10,2,October,4
2019-10-03,2019,10,3,October,4
2019-10-04,2019,10,4,October,4
2019-10-05,2019,10,5,October,4
2019-10-07,2019,10,7,October,4
2019-10-09,2019,10,9,October,4
2019-10-11,2019,10,11,October,4
2019-10-12,2019,10,12,October,4
2019-10-17,2019,10,17,October,4
2019-10-22,2019,10,22,October,4
2019-10-23,2019,10,23,October,4
2019-10-25,2019,10,25,October,4
2019-10-27,2019,10,27,October,4
2019-10-28,2019,10,28,October,4
2019-10-31,2019,10,31,October,4
2019-11-03,2019,11,3,November,4
2019-11-04,2019,11,4,November,4
2019-11-06,2019,11,6,November,4
2019-11-08,2019,11,8,November,4
2019-11-09,2019,11,9,November,4
2019-11-13,2019,11,13,November,4
2019-11-15,2019,11,15,November,4
2019-11-19,2019,11,19,November,4
2019-11-23,2019,11,23,November,4
2019-11-28,2019,11,28,November,4
2019-12-02,2019,12,2,December,4
2019-12-03,2019,12,3,December,4
2019-12-07,2019,12,7,December,4
2019-12-11,2019,12,11,December,4
2019-12-12,2019,12,12,December,4
2019-12-14,2019,12,14,December,4
2019-12-16,2019,12,16,December,4
2019-12-20,2019,12,20,December,4
2019-12-22,2019,12,22,December,4
2019-12-23,2019,12,23,December,4
2019-12-30,2019,12,30,December,4
2020-01-03,2020,1,3,January,1
2020-01-04,2020,1,4,January,1
2020-01-05,2020,1,5,January,1
2020-01-06,2020,1,6,January,1
2020-01-11,2020,1,11,January,1
2020-01-12,2020,1,12,January,1
2020-01-13,2020,1,13,January,1
2020-01-16,2020,1,16,January,1
2020-01-17,2020,1,17,January,1
2020-01-18,2020,1,18,January,1
2020-01-22,2020,1,22,January,1
2020-01-23,2020,1,23,January,1
2020-01-26,2020,1,26,January,1
2020-01-27,2020,1,27,January,1
2020-01-28,2020,1,28,January,1
2020-01-30,2020,1,30,January,1
2020-01-31,2020,1,31,January,1
2020-02-01,2020,2,1,February,1
2020-02-02,2020,2,2,February,1
2020-02-03,2020,2,3,February,1
2020-02-04,2020,2,4,February,1
2020-02-05,2020,2,5,February,1
2020-02-06,2020,2,6,February,1
2020-02-08,2020,2,8,February,1
2020-02-09,2020,2,9,February,1
2020-02-10,2020,2,10,February,1
2020-02-12,2020,2,12,February,1
2020-02-13,2020,2,13,February,1
2020-02-17,2020,2,17,February,1
2020-02-18,2020,2,18,February,1
2020-02-19,2020,2,19,February,1
2020-02-20,2020,2,20,February,1
2020-02-21,2020,2,21,February,1
2020-02-23,2020,2,23,February,1
2020-02-27,2020,2,27,February,1
2020-02-28,2020,2,28,February,1
2020-03-01,2020,3,1,March,1
2020-03-02,2020,3,2,March,1
2020-03-04,2020,3,4,March,1
2020-03-05,2020,3,5,March,1
2020-03-08,2020,3,8,March,1
2020-03-10,2020,3,10,March,1
2020-03-11,2020,3,11,March,1
2020-03-13,2020,3,13,March,1
2020-03-14,2020,3,14,March,1
2020-03-15,2020,3,15,March,1
2020-03-17,2020,3,17,March,1
2020-03-18,2020,3,18,March,1
2020-03-19,2020,3,19,March,1
2020-03-20,2020,3,20,March,1
2020-03-21,2020,3,21,March,1
2020-03-22,2020,3,22,March,1
2020-03-23,2020,3,23,March,1
2020-03-24,2020,3,24,March,1
2020-03-25,2020,3,25,March,1
2020-03-26,2020,3,26,March,1
2020-04-01,2020,4,1,April,2
2020-04-03,2020,4,3,April,2
2020-04-04,2020,4,4,April,2
2020-04-05,2020,4,5,April,2
2020-04-06,2020,4,6,April,2
2020-04-07,2020,4,7,April,2
2020-04-08,2020,4,8,April,2
2020-04-10,2020,4,10,April,2
2020-04-11,2020,4,11,April,2
2020-04-12,2020,4,12,April,2
2020-04-13,2020,4,13,April,2
2020-04-14,2020,4,14,April,2
2020-04-18,2020,4,18,April,2
2020-04-19,2020,4,19,April,2
2020-04-25,2020,4,25,April,2
2020-04-29,2020,4,29,April,2
2020-05-01,2020,5,1,May,2
2020-05-02,2020,5,2,May,2
2020-05-06,2020,5,6,May,2
2020-05-07,2020,5,7,May,2
2020-05-14,2020,5,14,May,2
2020-05-17,2020,5,17,May,2
2020-05-18,2020,5,18,May,2
2020-05-23,2020,5,23,May,2
2020-05-26,2020,5,26,May,2
2020-05-28,2020,5,28,May,2
2020-05-29,2020,5,29,May,2
2020-05-30,2020,5,30,May,2
2020-06-04,2020,6,4,June,2
2020-06-05,2020,6,5,June,2
2020-06-07,2020,6,7,June,2
2020-06-11,2020,6,11,June,2
2020-06-13,2020,6,13,June,2
2020-06-17,2020,6,17,June,2
2020-06-21,2020,6,21,June,2
2020-06-22,2020,6,22,June,2
2020-06-23,2020,6,23,June,2
2020-06-24,2020,6,24,June,2
2020-06-26,2020,6,26,June,2
2020-06-27,2020,6,27,June,2
2020-07-05,2020,7,5,July,3
2020-07-06,2020,7,6,July,3
2020-07-07,2020,7,7,July,3
2020-07-08,2020,7,8,July,3
2020-07-09,2020,7,9,July,3
2020-07-13,2020,7,13,July,3
2020-07-16,2020,7,16,July,3
2020-07-18,2020,7,18,July,3
2020-07-19,2020,7,19,July,3
2020-07-21,2020,7,21,July,3
2020-07-22,2020,7,22,July,3
2020-07-23,2020,7,23,July,3
2020-07-26,2020,7,26,July,3
2020-07-27,2020,7,27,July,3
2020-07-29,2020,7,29,July,3
2020-07-30,2020,7,30,July,3
2020-08-03,2020,8,3,August,3
2020-08-04,2020,8,4,August,3
2020-08-05,2020,8,5,August,3
2020-08-06,2020,8,6,August,3
2020-08-09,2020,8,9,August,3
2020-08-13,2020,8,13,August,3
2020-08-16,2020,8,16,August,3
2020-08-17,2020,8,17,August,3
2020-08-18,2020,8,18,August,3
2020-08-23,2020,8,23,August,3
2020-08-25,2020,8,25,August,3
2020-08-26,2020,8,26,August,3
2020-08-27,2020,8,27,August,3
2020-08-28,2020,8,28,August,3
2020-08-30,2020,8,30,August,3
2020-09-01,2020,9,1,September,3
2020-09-04,2020,9,4,September,3
2020-09-05,2020,9,5,September,3
2020-09-07,2020,9,7,September,3
2020-09-09,2020,9,9,September,3
2020-09-10,2020,9,10,September,3
2020-09-11,2020,9,11,September,3
2020-09-14,2020,9,14,September,3
2020-09-16,2020,9,16,September,3
2020-09-25,2020,9,25,September,3
2020-09-28,2020,9,28,September,3
2020-10-04,2020,10,4,October,4
2020-10-09,2020,10,9,October,4
2020-10-11,2020,10,11,October,4
2020-10-12,2020,10,12,October,4
2020-10-13,2020,10,13,October,4
2020-10-15,2020,10,15,October,4
2020-10-17,2020,10,17,October,4
2020-10-18,2020,10,18,October,4
2020-10-19,2020,10,19,October,4
2020-10-23,2020,10,23,October,4
2020-10-24,2020,10,24,October,4
2020-10-26,2020,10,26,October,4
2020-11-02,2020,11,2,November,4
2020-11-04,2020,11,4,November,4
2020-11-14,2020,11,14,November,4
2020-11-15,2020,11,15,November,4
2020-11-16,2020,11,16,November,4
2020-11-19,2020,11,19,November,4
2020-11-20,2020,11,20,November,4
2020-11-21,2020,11,21,November,4
2020-11-25,2020,11,25,November,4
2020-11-26,2020,11,26,November,4
2020-11-27,2020,11,27,November,4
2020-11-28,2020,11,28,November,4
2020-11-29,2020,11,29,November,4
2020-11-30,2020,11,30,November,4
2020-12-01,2020,12,1,December,4
2020-12-03,2020,12,3,December,4
2020-12-04,2020,12,4,December,4
2020-12-06,2020,12,6,December,4
2020-12-09,2020,12,9,December,4
2020-12-10,2020,12,10,December,4
2020-12-15,2020,12,15,December,4
2020-12-18,2020,12,18,December,4
2020-12-24,2020,12,24,December,4
2020-12-25,2020,12,25,December,4
2020-12-26,2020,12,26,December,4
2020-12-27,2020,12,27,December,4
2020-12-31,2020,12,31,December,4
2021-01-01,2021,1,1,January,1
2021-01-03,2021,1,3,January,1
2021-01-09,2021,1,9,January,1
2021-01-10,2021,1,10,January,1
2021-01-12,2021,1,12,January,1
2021-01-13,2021,1,13,January,1
2021-01-14,2021,1,14,January,1
2021-01-15,2021,1,15,January,1
2021-01-16,2021,1,16,January,1
2021-01-18,2021,1,18,January,1
2021-01-19,2021,1,19,January,1
2021-01-21,2021,1,21,January,1
2021-01-23,2021,1,23,January,1
2021-01-24,2021,1,24,January,1
2021-01-27,2021,1,27,January,1
2021-01-29,2021,1,29,January,1
2021-01-30,2021,1,30,January,1
2021-02-03,2021,2,3,February,1
2021-02-04,2021,2,4,February,1
2021-02-05,2021,2,5,February,1
2021-02-06,2021,2,6,February,1
2021-02-09,2021,2,9,February,1
2021-02-11,2021,2,11,February,1
2021-02-13,2021,2,13,February,1
2021-02-16,2021,2,16,February,1
2021-02-18,2021,2,18,February,1
2021-02-19,2021,2,19,February,1
2021-02-24,2021,2,24,February,1
2021-02-25,2021,2,25,February,1
2021-03-03,2021,3,3,March,1
2021-03-07,2021,3,7,March,1
2021-03-09,2021,3,9,March,1
2021-03-11,2021,3,11,March,1
2021-03-13,2021,3,13,March,1
2021-03-14,2021,3,14,March,1
2021-03-16,2021,3,16,March,1
2021-03-17,2021,3,17,March,1
2021-03-18,2021,3,18,March,1
2021-03-20,2021,3,20,March,1
2021-03-21,2021,3,21,March,1
2021-03-25,2021,3,25,March,1
2021-03-28,2021,3,28,March,1
2021-03-30,2021,3,30,March,1
2021-04-01,2021,4,1,April,2
2021-04-03,2021,4,3,April,2
2021-04-06,2021,4,6,April,2
2021-04-12,2021,4,12,April,2
2021-04-13,2021,4,13,April,2
2021-04-14,2021,4,14,April,2
2021-04-15,2021,4,15,April,2
2021-04-17,2021,4,17,April,2
2021-04-19,2021,4,19,April,2
2021-04-20,2021,4,20,April,2
2021-04-21,2021,4,21,April,2
2021-04-22,2021,4,22,April,2
2021-04-26,2021,4,26,April,2
2021-04-27,2021,4,27,April,2
2021-04-30,2021,4,30,April,2
2021-05-04,2021,5,4,May,2
2021-05-06,2021,5,6,May,2
2021-05-07,2021,5,7,May,2
2021-05-08,2021,5,8,May,2
2021-05-14,2021,5,14,May,2
2021-05-15,2021,5,15,May,2
2021-05-18,2021,5,18,May,2
2021-05-19,2021,5,19,May,2
2021-05-24,2021,5,24,May,2
2021-05-25,2021,5,25,May,2
2021-05-27,2021,5,27,May,2
2021-05-29,2021,5,29,May,2
2021-05-30,2021,5,30,May,2
2021-05-31,2021,5,31,May,2
2021-06-01,2021,6,1,June,2
2021-06-02,2021,6,2,June,2
2021-06-04,2021,6,4,June,2
2021-06-05,2021,6,5,June,2
2021-06-07,2021,6,7,June,2
2021-06-08,2021,6,8,June,2
2021-06-13,2021,6,13,June,2
2021-06-15,2021,6,15,June,2
2021-06-19,2021,6,19,June,2
2021-06-22,2021,6,22,June,2
2021-06-24,2021,6,24,June,2
2021-06-26,2021,6,26,June,2
2021-06-27,2021,6,27,June,2
2021-07-03,2021,7,3,July,3
2021-07-05,2021,7,5,July,3
2021-07-06,2021,7,6,July,3
2021-07-09,2021,7,9,July,3
2021-07-10,2021,7,10,July,3
2021-07-12,2021,7,12,July,3
2021-07-13,2021,7,13,July,3
2021-07-14,2021,7,14,July,3
2021-07-15,2021,7,15,July,3
2021-07-17,2021,7,17,July,3
2021-07-18,2021,7,18,July,3
2021-07-21,2021,7,21,July,3
2021-07-22,2021,7,22,July,3
2021-07-25,2021,7,25,July,3
2021-07-28,2021,7,28,July,3
2021-07-29,2021,7,29,July,3
2021-07-31,2021,7,31,July,3
2021-08-01,2021,8,1,August,3
2021-08-02,2021,8,2,August,3
2021-08-03,2021,8,3,August,3
2021-08-04,2021,8,4,August,3
2021-08-10,2021,8,10,August,3
2021-08-11,2021,8,11,August,3
2021-08-12,2021,8,12,August,3
2021-08-13,2021,8,13,August,3
2021-08-14,2021,8,14,August,3
2021-08-17,2021,8,17,August,3
2021-08-20,2021,8,20,August,3
2021-08-21,2021,8,21,August,3
2021-08-22,2021,8,22,August,3
2021-08-25,2021,8,25,August,3
2021-08-29,2021,8,29,August,3
2021-08-30,2021,8,30,August,3
2021-09-02,2021,9,2,September,3
2021-09-05,2021,9,5,September,3
2021-09-07,2021,9,7,September,3
2021-09-09,2021,9,9,September,3
2021-09-11,2021,9,11,September,3
2021-09-12,2021,9,12,September,3
2021-09-13,2021,9,13,September,3
2021-09-15,2021,9,15,September,3
2021-09-17,2021,9,17,September,3
2021-09-18,2021,9,18,September,3
2021-09-19,2021,9,19,September,3
2021-09-20,2021,9,20,September,3
2021-09-23,2021,9,23,September,3
2021-09-25,2021,9,25,September,3
2021-09-27,2021,9,27,September,3
2021-09-30,2021,9,30,September,3
2021-10-01,2021,10,1,October,4
2021-10-03,2021,10,3,October,4
2021-10-08,2021,10,8,October,4
2021-10-11,2021,10,11,October,4
2021-10-12,2021,10,12,October,4
2021-10-16,2021,10,16,October,4
2021-10-17,2021,10,17,October,4
2021-10-18,2021,10,18,October,4
2021-10-19,2021,10,19,October,4
2021-10-20,2021,10,20,October,4
2021-10-21,2021,10,21,October,4
2021-10-22,2021,10,22,October,4
2021-10-26,2021,10,26,October,4
2021-10-28,2021,10,28,October,4
2021-10-31,2021,10,31,October,4
2021-11-01,2021,11,1,November,4
2021-11-04,2021,11,4,November,4
2021-11-05,2021,11,5,November,4
2021-11-07,2021,11,7,November,4
2021-11-08,2021,11,8,November,4
2021-11-09,2021,11,9,November,4
2021-11-10,2021,11,10,November,4
2021-11-11,2021,11,11,November,4
2021-11-12,2021,11,12,November,4
2021-11-19,2021,11,19,November,4
2021-11-21,2021,11,21,November,4
2021-11-22,2021,11,22,November,4
2021-11-23,2021,11,23,November,4
2021-11-25,2021,11,25,November,4
2021-11-27,2021,11,27,November,4
2021-12-03,2021,12,3,December,4
2021-12-04,2021,12,4,December,4
2021-12-06,2021,12,6,December,4
2021-12-07,2021,12,7,December,4
2021-12-09,2021,12,9,December,4
2021-12-10,2021,12,10,December,4
2021-12-11,2021,12,11,December,4
2021-12-13,2021,12,13,December,4
2021-12-14,2021,12,14,December,4
2021-12-16,2021,12,16,December,4
2021-12-18,2021,12,18,December,4
2021-12-19,2021,12,19,December,4
2021-12-20,2021,12,20,December,4
2021-12-21,2021,12,21,December,4
2021-12-23,2021,12,23,December,4
2021-12-24,2021,12,24,December,4
2021-12-27,2021,12,27,December,4
2021-12-28,2021,12,28,December,4
2021-12-30,2021,12,30,December,4
2021-12-31,2021,12,31,December,4
2022-01-01,2022,1,1,January,1
2022-01-09,2022,1,9,January,1
2022-01-13,2022,1,13,January,1
2022-01-14,2022,1,14,January,1
2022-01-15,2022,1,15,January,1
2022-01-16,2022,1,16,January,1
2022-01-17,2022,1,17,January,1
2022-01-19,2022,1,19,January,1
2022-01-22,2022,1,22,January,1
2022-01-24,2022,1,24,January,1
2022-01-25,2022,1,25,January,1
2022-01-28,2022,1,28,January,1
2022-01-30,2022,1,30,January,1
2022-01-31,2022,1,31,January,1
2022-02-01,2022,2,1,February,1
2022-02-03,2022,2,3,February,1
2022-02-06,2022,2,6,February,1
2022-02-09,2022,2,9,February,1
2022-02-10,2022,2,10,February,1
2022-02-12,2022,2,12,February,1
2022-02-13,2022,2,13,February,1
2022-02-14,2022,2,14,February,1
2022-02-17,2022,2,17,February,1
2022-02-19,2022,2,19,February,1
2022-02-20,2022,2,20,February,1
2022-02-21,2022,2,21,February,1
2022-02-23,2022,2,23,February,1
2022-02-24,2022,2,24,February,1
2022-02-26,2022,2,26,February,1
2022-03-02,2022,3,2,March,1
2022-03-04,2022,3,4,March,1
2022-03-05,2022,3,5,March,1
2022-03-09,2022,3,9,March,1
2022-03-10,2022,3,10,March,1
2022-03-11,2022,3,11,March,1
2022-03-17,2022,3,17,March,1
2022-03-18,2022,3,18,March,1
2022-03-19,2022,3,19,March,1
2022-03-21,2022,3,21,March,1
2022-03-22,2022,3,22,March,1
2022-03-23,2022,3,23,March,1
2022-03-24,2022,3,24,March,1
2022-03-25,2022,3,25,March,1
2022-03-28,2022,3,28,March,1
2022-03-31,2022,3,31,March,1
2022-04-02,2022,4,2,April,2
2022-04-07,2022,4,7,April,2
2022-04-08,2022,4,8,April,2
2022-04-12,2022,4,12,April,2
2022-04-14,2022,4,14,April,2
2022-04-18,2022,4,18,April,2
2022-04-21,2022,4,21,April,2
2022-04-22,2022,4,22,April,2
2022-04-25,2022,4,25,April,2
2022-04-26,2022,4,26,April,2
2022-04-27,2022,4,27,April,2
2022-04-29,2022,4,29,April,2
2022-05-05,2022,5,5,May,2
2022-05-06,2022,5,6,May,2
2022-05-08,2022,5,8,May,2
2022-05-10,2022,5,10,May,2
2022-05-12,2022,5,12,May,2
2022-05-13,2022,5,13,May,2
2022-05-14,2022,5,14,May,2
2022-05-19,2022,5,19,May,2
2022-05-21,2022,5,21,May,2
2022-05-24,2022,5,24,May,2
2022-05-28,2022,5,28,May,2
2022-05-29,2022,5,29,May,2
2022-05-30,2022,5,30,May,2
2022-05-31,2022,5,31,May,2
2022-06-01,2022,6,1,June,2
2022-06-02,2022,6,2,June,2
2022-06-03,2022,6,3,June,2
2022-06-04,2022,6,4,June,2
2022-06-05,2022,6,5,June,2
2022-06-06,2022,6,6,June,2
2022-06-07,2022,6,7,June,2
2022-06-11,2022,6,11,June,2
2022-06-12,2022,6,12,June,2
2022-06-17,2022,6,17,June,2
2022-06-20,2022,6,20,June,2
2022-06-21,2022,6,21,June,2
2022-06-25,2022,6,25,June,2
2022-06-29,2022,6,29,June,2
2022-07-03,2022,7,3,July,3
2022-07-04,2022,7,4,July,3
2022-07-06,2022,7,6,July,3
2022-07-08,2022,7,8,July,3
2022-07-09,2022,7,9,July,3
2022-07-10,2022,7,10,July,3
2022-07-11,2022,7,11,July,3
2022-07-12,2022,7,12,July,3
2022-07-13,2022,7,13,July,3
2022-07-16,2022,7,16,July,3
2022-07-17,2022,7,17,July,3
2022-07-19,2022,7,19,July,3
2022-07-21,2022,7,21,July,3
2022-07-23,2022,7,23,July,3
2022-07-30,2022,7,30,July,3
2022-08-01,2022,8,1,August,3
2022-08-05,2022,8,5,August,3
2022-08-06,2022,8,6,August,3
2022-08-07,2022,8,7,August,3
2022-08-08,2022,8,8,August,3
2022-08-12,2022,8,12,August,3
2022-08-14,2022,8,14,August,3
2022-08-15,2022,8,15,August,3
2022-08-16,2022,8,16,August,3
2022-08-17,2022,8,17,August,3
2022-08-18,2022,8,18,August,3
2022-08-19,2022,8,19,August,3
2022-08-22,2022,8,22,August,3
2022-08-23,2022,8,23,August,3
2022-08-24,2022,8,24,August,3
2022-08-25,2022,8,25,August,3
2022-08-26,2022,8,26,August,3
2022-08-29,2022,8,29,August,3
2022-08-30,2022,8,30,August,3
2022-09-02,2022,9,2,September,3
2022-09-03,2022,9,3,September,3
2022-09-05,2022,9,5,September,3
2022-09-12,2022,9,12,September,3
2022-09-14,2022,9,14,September,3
2022-09-15,2022,9,15,September,3
2022-09-18,2022,9,18,September,3
2022-09-19,2022,9,19,September,3
2022-09-20,2022,9,20,September,3
2022-09-23,2022,9,23,September,3
2022-09-24,2022,9,24,September,3
2022-09-25,2022,9,25,September,3
2022-09-26,2022,9,26,September,3
2022-09-27,2022,9,27,September,3
2022-09-30,2022,9,30,September,3
2022-10-01,2022,10,1,October,4
2022-10-03,2022,10,3,October,4
2022-10-06,2022,10,6,October,4
2022-10-07,2022,10,7,October,4
2022-10-09,2022,10,9,October,4
2022-10-14,2022,10,14,October,4
2022-10-15,2022,10,15,October,4
2022-10-16,2022,10,16,October,4
2022-10-18,2022,10,18,October,4
2022-10-19,2022,10,19,October,4
2022-10-21,2022,10,21,October,4
2022-10-22,2022,10,22,October,4
2022-10-26,2022,10,26,October,4
2022-10-29,2022,10,29,October,4
2022-10-31,2022,10,31,October,4
2022-11-01,2022,11,1,November,4
2022-11-03,2022,11,3,November,4
2022-11-06,2022,11,6,November,4
2022-11-12,2022,11,12,November,4
2022-11-13,2022,11,13,November,4
2022-11-14,2022,11,14,November,4
2022-11-16,2022,11,16,November,4
2022-11-17,2022,11,17,November,4
2022-11-18,2022,11,18,November,4
2022-11-19,2022,11,19,November,4
2022-11-20,2022,11,20,November,4
2022-11-21,2022,11,21,November,4
2022-11-22,2022,11,22,November,4
2022-11-23,2022,11,23,November,4
2022-11-27,2022,11,27,November,4
2022-11-29,2022,11,29,November,4
2022-12-02,2022,12,2,December,4
2022-12-03,2022,12,3,December,4
2022-12-06,2022,12,6,December,4
2022-12-08,2022,12,8,December,4
2022-12-10,2022,12,10,December,4
2022-12-12,2022,12,12,December,4
2022-12-13,2022,12,13,December,4
2022-12-14,2022,12,14,December,4
2022-12-16,2022,12,16,December,4
2022-12-19,2022,12,19,December,4
2022-12-22,2022,12,22,December,4
2022-12-29,2022,12,29,December,4
2022-12-30,2022,12,30,December,4
2022-12-31,2022,12,31,December,4
2016-01-08,2016,1,8,January,1
2016-01-12,2016,1,12,January,1
2016-01-14,2016,1,14,January,1
2016-01-16,2016,1,16,January,1
2016-01-17,2016,1,17,January,1
2016-01-18,2016,1,18,January,1
2016-01-19,2016,1,19,January,1
2016-01-20,2016,1,20,January,1
2016-01-22,2016,1,22,January,1
2016-01-23,2016,1,23,January,1
2016-01-25,2016,1,25,January,1
2016-02-01,2016,2,1,February,1
2016-02-03,2016,2,3,February,1
2016-02-07,2016,2,7,February,1
2016-02-09,2016,2,9,February,1
2016-02-10,2016,2,10,February,1
2016-02-14,2016,2,14,February,1
2016-02-15,2016,2,15,February,1
2016-02-17,2016,2,17,February,1
2016-02-20,2016,2,20,February,1
2016-02-23,2016,2,23,February,1
2016-02-28,2016,2,28,February,1
2016-02-29,2016,2,29,February,1
2016-03-01,2016,3,1,March,1
2016-03-03,2016,3,3,March,1
2016-03-05,2016,3,5,March,1
2016-03-06,2016,3,6,March,1
2016-03-07,2016,3,7,March,1
2016-03-08,2016,3,8,March,1
2016-03-11,2016,3,11,March,1
2016-03-13,2016,3,13,March,1
2016-03-15,2016,3,15,March,1
2016-03-21,2016,3,21,March,1
2016-03-22,2016,3,22,March,1
2016-03-25,2016,3,25,March,1
2016-03-28,2016,3,28,March,1
2016-03-29,2016,3,29,March,1
2016-03-30,2016,3,30,March,1
2016-04-03,2016,4,3,April,2
2016-04-05,2016,4,5,April,2
2016-04-08,2016,4,8,April,2
2016-04-10,2016,4,10,April,2
2016-04-13,2016,4,13,April,2
2016-04-15,2016,4,15,April,2
2016-04-19,2016,4,19,April,2
2016-04-21,2016,4,21,April,2
2016-04-24,2016,4,24,April,2
2016-04-28,2016,4,28,April,2
2016-04-29,2016,4,29,April,2
2016-05-03,2016,5,3,May,2
2016-05-06,2016,5,6,May,2
2016-05-08,2016,5,8,May,2
2016-05-09,2016,5,9,May,2
2016-05-10,2016,5,10,May,2
2016-05-11,2016,5,11,May,2
2016-05-17,2016,5,17,May,2
2016-05-18,2016,5,18,May,2
2016-05-23,2016,5,23,May,2
2016-05-24,2016,5,24,May,2
2016-05-25,2016,5,25,May,2
2016-05-26,2016,5,26,May,2
2016-05-29,2016,5,29,May,2
2016-05-30,2016,5,30,May,2
2016-05-31,2016,5,31,May,2
2016-06-01,2016,6,1,June,2
2016-06-07,2016,6,7,June,2
2016-06-12,2016,6,12,June,2
2016-06-14,2016,6,14,June,2
2016-06-15,2016,6,15,June,2
2016-06-18,2016,6,18,June,2
2016-06-24,2016,6,24,June,2
2016-06-29,2016,6,29,June,2
2016-06-30,2016,6,30,June,2
2016-07-02,2016,7,2,July,3
2016-07-04,2016,7,4,July,3
2016-07-05,2016,7,5,July,3
2016-07-07,2016,7,7,July,3
2016-07-09,2016,7,9,July,3
2016-07-10,2016,7,10,July,3
2016-07-11,2016,7,11,July,3
2016-07-14,2016,7,14,July,3
2016-07-15,2016,7,15,July,3
2016-07-17,2016,7,17,July,3
2016-07-20,2016,7,20,July,3
2016-07-22,2016,7,22,July,3
2016-07-24,2016,7,24,July,3
2016-07-25,2016,7,25,July,3
2016-07-27,2016,7,27,July,3
2016-07-30,2016,7,30,July,3
2016-07-31,2016,7,31,July,3
2016-08-01,2016,8,1,August,3
2016-08-02,2016,8,2,August,3
2016-08-08,2016,8,8,August,3
2016-08-09,2016,8,9,August,3
2016-08-11,2016,8,11,August,3
2016-08-12,2016,8,12,August,3
2016-08-15,2016,8,15,August,3
2016-08-21,2016,8,21,August,3
2016-08-24,2016,8,24,August,3
2016-08-25,2016,8,25,August,3
2016-08-26,2016,8,26,August,3
2016-08-31,2016,8,31,August,3
2016-09-04,2016,9,4,September,3
2016-09-05,2016,9,5,September,3
2016-09-07,2016,9,7,September,3
2016-09-09,2016,9,9,September,3
2016-09-10,2016,9,10,September,3
2016-09-13,2016,9,13,September,3
2016-09-14,2016,9,14,September,3
2016-09-15,2016,9,15,September,3
2016-09-16,2016,9,16,September,3
2016-09-19,2016,9,19,September,3
2016-09-20,2016,9,20,September,3
2016-09-22,2016,9,22,September,3
2016-09-23,2016,9,23,September,3
2016-09-24,2016,9,24,September,3
2016-09-26,2016,9,26,September,3
2016-09-27,2016,9,27,September,3
2016-09-29,2016,9,29,September,3
2016-10-03,2016,10,3,October,4
2016-10-05,2016,10,5,October,4
2016-10-12,2016,10,12,October,4
2016-10-14,2016,10,14,October,4
2016-10-15,2016,10,15,October,4
2016-10-19,2016,10,19,October,4
2016-10-21,2016,10,21,October,4
2016-10-22,2016,10,22,October,4
2016-10-23,2016,10,23,October,4
2016-10-24,2016,10,24,October,4
2016-10-26,2016,10,26,October,4
2016-10-27,2016,10,27,October,4
2016-10-28,2016,10,28,October,4
2016-10-30,2016,10,30,October,4
2016-10-31,2016,10,31,October,4
2016-11-01,2016,11,1,November,4
2016-11-03,2016,11,3,November,4
2016-11-04,2016,11,4,November,4
2016-11-08,2016,11,8,November,4
2016-11-11,2016,11,11,November,4
2016-11-12,2016,11,12,November,4
2016-11-16,2016,11,16,November,4
2016-11-17,2016,11,17,November,4
2016-11-20,2016,11,20,November,4
2016-11-21,2016,11,21,November,4
2016-11-23,2016,11,23,November,4
2016-11-25,2016,11,25,November,4
2016-11-27,2016,11,27,November,4
2016-11-29,2016,11,29,November,4
2016-12-02,2016,12,2,December,4
2016-12-03,2016,12,3,December,4
2016-12-07,2016,12,7,December,4
2016-12-08,2016,12,8,December,4
2016-12-09,2016,12,9,December,4
2016-12-13,2016,12,13,December,4
2016-12-15,2016,12,15,December,4
2016-12-16,2016,12,16,December,4
2016-12-18,2016,12,18,December,4
2016-12-19,2016,12,19,December,4
2016-12-22,2016,12,22,December,4
2016-12-23,2016,12,23,December,4
2016-12-25,2016,12,25,December,4
2016-12-30,2016,12,30,December,4
2016-12-31,2016,12,31,December,4
2017-01-01,2017,1,1,January,1
2017-01-04,2017,1,4,January,1
2017-01-05,2017,1,5,January,1
2017-01-07,2017,1,7,January,1
2017-01-08,2017,1,8,January,1
2017-01-09,2017,1,9,January,1
2017-01-10,2017,1,10,January,1
2017-01-12,2017,1,12,January,1
2017-01-14,2017,1,14,January,1
2017-01-17,2017,1,17,January,1
2017-01-18,2017,1,18,January,1
2017-01-19,2017,1,19,January,1
2017-01-20,2017,1,20,January,1
2017-01-21,2017,1,21,January,1
2017-01-23,2017,1,23,January,1
2017-01-24,2017,1,24,January,1
2017-01-26,2017,1,26,January,1
2017-01-30,2017,1,30,January,1
2017-01-31,2017,1,31,January,1
2017-02-02,2017,2,2,February,1
2017-02-05,2017,2,5,February,1
2017-02-08,2017,2,8,February,1
2017-02-10,2017,2,10,February,1
2017-02-11,2017,2,11,February,1
2017-02-15,2017,2,15,February,1
